-0.017857142857142856,-0.08333333333333334,0.3125,-0.029411764705882353,0.4006923076923077,0.5825900667959492
0.125,0.052083333333333336,0.14285714285714288,-0.0625,0.0,0.2574404761904762
0.0625,0.15625,0.1875,0.375,0.041666666666666664,0.8229166666666666
0.23214285714285715,0.0625,0.010416666666666668,-0.10416666666666667,0.027777777777777776,0.22867063492063494
-0.08333333333333334,0.09999999999999998,0.875,0.14285714285714285,0.375,1.4095238095238094
-0.015625,0.03125,-0.015625,0.052083333333333336,0.017857142857142856,0.06994047619047619
0.0,0.25,0.125,0.04545454545454546,0.3125,0.7329545454545454
0.3,0.017857142857142856,0.02272727272727272,-0.017857142857142856,0.25,0.5727272727272728
0.5,0.0625,0.09999999999999998,0.2613636363636364,0.009615384615384616,0.9334790209790209
0.6130952380952381,0.052083333333333336,0.10416666666666667,0.25,0.025,1.044345238095238
0.05,-0.015625,0.125,-0.03125,0.09375,0.221875
0.021551724137931036,0.375,0.34375,0.5625,0.875,2.177801724137931
0.020833333333333332,0.03125,0.0,-0.2,0.10227272727272727,-0.04564393939393943
-0.008333333333333333,0.125,-0.020833333333333332,0.08333333333333333,-0.1875,-0.008333333333333331
-0.08333333333333334,0.03125,0.025,0.375,-0.027777777777777776,0.32013888888888886
-0.0625,0.006944444444444444,-0.22916666666666666,0.375,0.021551724137931036,0.11182950191570883
0.08333333333333333,-0.022727272727272724,0.125,-0.0625,0.025,0.1481060606060606
0.04166666666666667,0.2613636363636364,0.3333333333333333,0.0,0.046875,0.6832386363636365
0.04166666666666667,-0.03125,0.25,0.125,0.08333333333333333,0.46875
0.125,-0.25,0.1875,0.125,0.0625,0.25
0.0125,0.0,0.0,0.0,0.041666666666666664,0.05416666666666667
0.08333333333333333,-0.015625,0.0625,0.4375,0.041666666666666664,0.6093749999999999
0.59375,0.041666666666666664,-0.0375,0.6205357142857143,-0.4375,0.7809523809523808
0.0,-0.01953125,0.05357142857142857,-0.046875,-0.3392857142857143,-0.35212053571428575
0.041666666666666664,0.0625,0.025,0.013888888888888888,0.0625,0.20555555555555555
0.07142857142857142,0.017857142857142856,0.037500000000000006,-0.041666666666666664,0.2916666666666667,0.3767857142857143
0.125,0.2916666666666667,0.0078125,-0.125,-0.08333333333333334,0.21614583333333334
0.013888888888888888,0.125,-0.125,0.0625,0.0625,0.1388888888888889
-0.020833333333333336,0.375,0.25,0.038461538461538464,0.10227272727272727,0.7449009324009325
0.125,0.02976190476190476,-0.029411764705882353,-0.07142857142857142,0.041666666666666664,0.09558823529411764
-0.029411764705882353,-0.22727272727272727,0.25,0.011363636363636364,0.015625,0.020304144385026767
0.09999999999999998,-0.020833333333333332,0.03125,0.3125,0.008928571428571432,0.4318452380952381
0.59375,0.4006923076923077,0.041666666666666664,0.125,0.125,1.2861089743589744
0.037500000000000006,0.08333333333333333,0.3333333333333333,-0.07211538461538461,-0.029411764705882353,0.35263951734539967
0.125,-0.125,-0.08333333333333334,0.125,0.013888888888888881,0.05555555555555554
0.025,-0.029411764705882353,0.020833333333333332,0.03125,0.1346153846153846,0.1822869532428356
0.10227272727272727,-0.0625,0.0625,-0.125,-0.025,-0.047727272727272736
0.0,0.017857142857142856,0.03125,0.041666666666666664,0.25,0.34077380952380953
0.5,0.029222222222222205,-0.0625,0.0078125,0.375,0.8495347222222223
-0.125,0.5625,-0.022727272727272728,0.1875,0.08333333333333333,0.6856060606060607
0.1,0.625,0.007352941176470588,0.0625,-0.41071428571428575,0.3841386554621848
0.041666666666666664,-0.2,-0.2,0.6130952380952381,0.02272727272727272,0.27748917748917745
-0.1875,-0.125,-0.125,0.125,0.0625,-0.25
0.375,0.125,-0.015625,0.020833333333333332,-0.04000000000000001,0.46520833333333333
0.1875,0.59375,0.03125,0.011363636363636364,0.1875,1.0113636363636362
0.2613636363636364,0.6205357142857143,0.08333333333333333,0.08333333333333333,0.5625,1.6110660173160174
0.5625,0.34375,0.625,0.3125,-0.015625,1.828125
0.005681818181818184,-0.03571428571428571,0.08333333333333333,0.0125,0.011363636363636364,0.07716450216450217
-0.09375,0.017857142857142856,0.041666666666666664,0.6130952380952381,-0.203125,0.37574404761904767
0.125,0.2613636363636364,0.05,0.25,-0.375,0.3113636363636364
0.0625,0.1346153846153846,0.0,0.013888888888888888,0.0,0.2110042735042735
0.08333333333333333,0.04166666666666667,0.19318181818181818,-0.125,0.3333333333333333,0.5265151515151515
0.10416666666666667,0.08333333333333333,0.027777777777777776,-0.125,0.125,0.2152777777777778
0.025,-0.0625,-0.041666666666666664,0.0,0.025,-0.05416666666666666
0.0625,0.041666666666666664,0.1346153846153846,0.08333333333333333,-0.027777777777777776,0.2943376068376068
0.015625,0.25,0.25,0.037500000000000006,0.125,0.678125
-0.2,0.5,0.041666666666666664,0.022727272727272724,0.14285714285714288,0.5072510822510823
0.14285714285714285,-0.125,0.0,0.08333333333333333,0.025,0.1261904761904762
-0.08333333333333334,-0.04000000000000001,-0.2,0.09375,0.625,0.39541666666666664
0.0,-0.041666666666666664,0.009615384615384616,0.3125,0.08333333333333333,0.36378205128205127
0.125,-0.0625,0.0,0.0,-0.019230769230769232,0.04326923076923077
-0.041666666666666664,0.03125,0.125,-0.22916666666666666,0.08928571428571429,-0.025297619047619027
-0.25,0.017857142857142856,0.0,0.013888888888888888,-0.020833333333333332,-0.2390873015873016
-0.0625,0.041666666666666664,0.59375,0.044117647058823525,0.02272727272727272,0.6397615864527628
0.4375,0.25,-0.08333333333333334,0.2613636363636364,-0.07211538461538461,0.7934149184149184
0.5625,0.10227272727272727,0.044117647058823525,-0.125,0.59375,1.1776403743315509
0.25,0.125,0.03125,-0.03125,-0.125,0.25
-0.2,0.022727272727272724,0.125,0.3333333333333333,0.1,0.381060606060606
0.10416666666666667,0.0625,0.0,0.1875,-0.0625,0.2916666666666667
0.017857142857142856,-0.0625,-0.03125,-0.05555555555555555,-0.20833333333333334,-0.33978174603174605
0.019230769230769225,-0.015625,0.1,0.2916666666666667,0.075,0.4702724358974359
0.0625,0.0,-0.0625,0.008928571428571432,-0.125,-0.11607142857142858
-0.07142857142857142,0.013888888888888888,-0.046875,0.375,0.30357142857142855,0.574156746031746
-0.0625,0.59375,0.4006923076923077,0.10227272727272727,0.02976190476190476,1.0639769397269396
0.2613636363636364,0.041666666666666664,0.03125,-0.3214285714285714,0.16666666666666669,0.17951839826839838
0.2613636363636364,-0.017857142857142856,-0.33333333333333326,0.5,-0.0625,0.3476731601731603
-0.013888888888888888,0.041666666666666664,0.08333333333333333,0.3125,0.6130952380952381,1.0367063492063493
0.0,0.05000000000000002,0.0625,0.16666666666666669,0.25,0.5291666666666667
0.05,-0.09375,-0.2,0.011363636363636364,0.16666666666666666,-0.06571969696969701
-0.0625,0.4375,0.0078125,0.25,0.027777777777777776,0.6605902777777778
0.019230769230769225,-0.09722222222222224,0.011363636363636364,0.08333333333333333,0.425,0.44170551670551667
0.05,0.025,0.020833333333333332,0.08333333333333333,0.625,0.8041666666666667
-0.125,0.3125,0.038461538461538464,0.4375,0.011363636363636364,0.6748251748251748
-0.15625,0.425,0.10416666666666667,0.037500000000000006,0.017857142857142856,0.4282738095238095
0.041666666666666664,-0.03409090909090909,0.03125,-0.008333333333333333,0.0,0.030492424242424244
0.08333333333333333,0.16666666666666669,0.09999999999999998,-0.020833333333333336,-0.125,0.20416666666666666
-0.2,0.19318181818181818,0.01666666666666667,-0.017857142857142856,-0.027777777777777776,-0.0357864357864358
-0.08333333333333334,0.5,0.375,-0.33333333333333326,-0.022727272727272724,0.43560606060606066
-0.02272727272727272,-0.020833333333333332,0.04166666666666667,0.125,0.012500000000000004,0.13560606060606062
0.6205357142857143,0.09375,-0.022727272727272724,0.017857142857142856,0.125,0.8344155844155845
0.027777777777777776,0.03125,0.5,-0.2,0.041666666666666664,0.40069444444444446
0.19318181818181818,-0.25,0.01666666666666667,0.1875,-0.028409090909090908,0.11893939393939393
0.16666666666666669,0.0625,0.125,0.009615384615384616,0.25,0.6137820512820513
0.1875,0.041666666666666664,0.041666666666666664,-0.0625,0.25,0.4583333333333333
0.1875,0.09375,0.375,-0.08333333333333334,0.625,1.1979166666666665
-0.25,0.6130952380952381,0.125,0.0625,-0.015625,0.5349702380952381
0.041666666666666664,-0.056818181818181816,-0.20833333333333334,0.0625,0.19318181818181818,0.03219696969696967
0.2613636363636364,0.09999999999999998,-0.029411764705882353,0.013888888888888881,-0.013888888888888888,0.331951871657754
0.125,-0.05555555555555555,-0.09375,0.09999999999999998,0.125,0.20069444444444443
0.25,0.04,0.08333333333333333,-0.0625,0.08333333333333333,0.3941666666666666
0.6130952380952381,-0.2840909090909091,0.04591836734693877,0.375,0.08333333333333333,0.8332560296846011
0.375,0.09999999999999998,-0.05357142857142857,0.08333333333333333,0.0625,0.5672619047619047
0.125,0.0,-0.05,-0.0625,0.15,0.16249999999999998
-0.020833333333333332,0.0,-0.22916666666666666,0.011363636363636364,0.08333333333333333,-0.15530303030303033
0.1875,-0.041666666666666664,0.375,0.03125,-0.17045454545454544,0.38162878787878796
0.5,0.0,-0.125,0.16666666666666666,0.027777777777777776,0.5694444444444444
0.5,0.0625,0.09999999999999998,0.2613636363636364,0.009615384615384616,0.9334790209790209
0.009615384615384616,0.0,0.34375,0.09999999999999998,0.1,0.5533653846153846
0.25,0.375,0.0,0.0,0.15625,0.78125
0.08333333333333333,-0.041666666666666664,0.25,0.5750000000000001,-0.07211538461538461,0.7945512820512821
0.10227272727272727,0.1346153846153846,0.3125,0.04591836734693877,0.0625,0.6578064792350506
0.0625,0.5625,0.007352941176470588,0.09375,-0.33333333333333326,0.3927696078431373
0.125,0.038461538461538464,-0.019230769230769232,0.011363636363636364,-0.08333333333333334,0.07226107226107223
0.02976190476190476,0.625,0.125,0.25,0.10227272727272727,1.132034632034632
0.2613636363636364,0.0,0.0,0.125,-0.075,0.3113636363636364
0.25,0.425,0.59375,0.08333333333333333,0.020833333333333332,1.3729166666666666
-0.056818181818181816,0.17857142857142858,0.025,-0.041666666666666664,-0.046875,0.05821158008658009
-0.022727272727272724,0.2613636363636364,-0.020833333333333332,0.008928571428571432,0.020833333333333332,0.2475649350649351
0.3125,0.038461538461538464,-0.125,0.041666666666666664,0.5,0.7676282051282051
0.59375,0.09375,0.625,0.125,0.09999999999999998,1.5375
0.3125,-0.017857142857142856,0.125,-0.022727272727272728,0.375,0.7719155844155845
0.0625,-0.017857142857142856,0.125,0.020833333333333332,0.011363636363636364,0.20183982683982685
0.3125,0.053571428571428575,0.025,0.011363636363636364,0.1,0.502435064935065
0.020833333333333332,-0.027777777777777776,0.5,0.010416666666666668,-0.0625,0.4409722222222222
0.0,0.015625,-0.017857142857142856,0.125,-0.125,-0.002232142857142849
-0.07211538461538461,-0.296875,0.0,0.25,-0.017857142857142856,-0.13684752747252743
-0.041666666666666664,0.109375,0.04545454545454545,0.019230769230769225,-0.02272727272727272,0.10966637529137528
0.08333333333333333,-0.017857142857142856,-0.125,0.23214285714285715,0.017857142857142856,0.19047619047619047
0.25,0.08333333333333333,-0.10416666666666667,-0.041666666666666664,-0.075,0.11249999999999998
0.020833333333333332,0.0,-0.03125,0.125,0.011363636363636364,0.1259469696969697
0.0,0.04,0.125,0.0625,-0.027777777777777776,0.19972222222222225
0.05,0.041666666666666664,0.008928571428571432,-0.029411764705882353,0.5625,0.6336834733893557
0.625,0.1875,0.10416666666666667,-0.03125,0.011363636363636364,0.896780303030303
-0.015625,0.425,-0.25,0.25,-0.1875,0.221875
0.625,0.0625,0.027777777777777776,0.30357142857142855,-0.2,0.8188492063492063
0.1875,0.052083333333333336,-0.046875,0.09375,-0.140625,0.14583333333333337
-0.2916666666666667,-0.125,-0.08333333333333334,0.025,0.16666666666666669,-0.3083333333333333
-0.017857142857142856,0.125,0.125,0.010416666666666668,-0.125,0.11755952380952381
-0.140625,0.125,0.044117647058823525,0.5,0.125,0.6534926470588235
0.10416666666666667,0.15,-0.020833333333333336,0.0625,0.011363636363636364,0.30719696969696964
0.6130952380952381,0.017857142857142856,-0.125,-0.015625,0.125,0.615327380952381
0.03125,0.0625,-0.08333333333333333,0.10416666666666667,0.09375,0.20833333333333334
-0.07211538461538461,0.052083333333333336,-0.125,0.5,0.0,0.35496794871794873
0.09375,0.0,0.041666666666666664,-0.1875,0.1875,0.13541666666666666
-0.2,0.020833333333333332,0.0625,0.025,0.1875,0.09583333333333333
0.3,0.10416666666666667,0.2916666666666667,0.10227272727272727,-0.15625,0.6418560606060606
0.03125,0.041666666666666664,0.0625,-0.041666666666666664,0.0625,0.15625
0.029222222222222205,0.041666666666666664,0.03571428571428571,0.0,0.015625,0.12222817460317457
-0.125,0.017857142857142856,0.0,-0.025,0.10227272727272727,-0.02987012987012988
0.10416666666666667,0.038461538461538464,0.0,0.3125,0.010416666666666668,0.4655448717948718
0.625,0.0,0.013888888888888888,0.3125,0.10227272727272727,1.0536616161616161
0.044117647058823525,-0.1875,0.0,-0.08333333333333334,0.03125,-0.1954656862745098
-0.0625,0.625,0.1875,-0.15625,-0.41071428571428575,0.18303571428571425
0.6130952380952381,0.6205357142857143,0.425,0.0,-0.22916666666666669,1.4294642857142859
0.125,0.625,0.0,-0.08333333333333334,0.03125,0.6979166666666666
0.3125,0.2916666666666667,-0.2,0.5,0.0625,0.9666666666666668
0.125,0.5625,0.125,-0.125,0.5750000000000001,1.2625000000000002
0.041666666666666664,0.009615384615384616,-0.09615384615384615,0.03571428571428571,0.08333333333333333,0.07417582417582418
0.03125,-0.016304347826086956,0.011363636363636364,-0.33333333333333326,0.4375,0.13047595520421618
-0.25,-0.0625,0.020833333333333332,0.2613636363636364,-0.013888888888888888,-0.044191919191919164
0.037500000000000006,0.20833333333333334,0.3392857142857143,0.044117647058823525,0.15,0.7792366946778712
0.125,-0.25,-0.3214285714285714,-0.0625,0.5625,0.0535714285714286
0.011363636363636364,-0.03571428571428572,0.008928571428571432,0.0,-0.375,-0.39042207792207795
0.59375,0.5625,-0.0625,0.0,0.008928571428571432,1.1026785714285714
-0.20833333333333334,0.021551724137931036,0.017857142857142856,0.6130952380952381,0.0,0.44417077175697867
0.125,0.5,0.03125,-0.125,0.59375,1.125
0.011363636363636364,0.125,0.0,-0.125,0.010416666666666668,0.02178030303030302
0.006944444444444444,0.17857142857142858,0.011363636363636364,-0.22727272727272727,-0.125,-0.1553932178932179
-0.2,-0.022727272727272724,-0.027777777777777776,0.025,0.041666666666666664,-0.18383838383838386
0.10416666666666667,0.09375,-0.045454545454545456,-0.025,0.041666666666666664,0.16912878787878788
0.6130952380952381,0.05,0.013888888888888888,0.125,-0.22916666666666669,0.5728174603174603
0.05,0.075,0.0625,0.04591836734693877,0.0625,0.29591836734693877
0.625,0.0,0.017857142857142856,-0.03125,0.125,0.7366071428571429
0.041666666666666664,0.0625,0.25,-0.024999999999999994,0.125,0.4541666666666666
0.6130952380952381,0.04591836734693877,0.09999999999999998,0.0,-0.017857142857142856,0.741156462585034
0.125,0.125,-0.1,0.005681818181818184,0.375,0.5306818181818181
0.008928571428571432,0.017857142857142856,0.25,0.125,-0.025,0.3767857142857143
0.014705882352941176,0.5625,-0.03125,0.125,-0.0625,0.6084558823529411
0.05,0.375,0.025,0.008928571428571432,0.30357142857142855,0.7625
0.041666666666666664,0.008928571428571432,-0.09722222222222224,0.04861111111111111,0.4375,0.439484126984127
0.0,0.025,0.03125,0.375,-0.08333333333333334,0.34791666666666665
0.10714285714285715,-0.1875,0.010416666666666668,-0.041666666666666664,-0.140625,-0.25223214285714285
0.027777777777777776,0.25,-0.045454545454545456,0.041666666666666664,0.017857142857142856,0.29184704184704185
0.03125,0.008928571428571432,0.006944444444444444,0.011363636363636364,0.4006923076923077,0.4591789599289599
0.04591836734693877,0.17500000000000002,-0.017857142857142856,0.5,0.0,0.7030612244897959
0.125,-0.296875,-0.125,0.037500000000000006,0.30357142857142855,0.044196428571428525
0.011363636363636364,0.0,0.30357142857142855,0.125,0.375,0.8149350649350648
-0.027777777777777776,-0.625,-0.1111111111111111,0.59375,0.14285714285714288,-0.027281746031745963
0.125,0.0,0.1875,0.125,-0.125,0.3125
0.125,0.125,0.10416666666666667,0.17857142857142858,-0.3055555555555556,0.22718253968253965
0.010416666666666666,0.1,0.0625,0.6130952380952381,-0.125,0.6610119047619047
-0.07566666666666669,0.041666666666666664,0.0625,0.375,0.16666666666666666,0.5701666666666666
0.125,0.09999999999999998,0.1875,0.0625,0.07142857142857142,0.5464285714285714
-0.07211538461538461,0.625,-0.25,-0.01953125,0.14285714285714288,0.4262105082417583
0.05000000000000002,0.22499999999999998,0.03125,0.020833333333333332,-0.125,0.20208333333333334
-0.325,-0.25,0.5625,-0.041666666666666664,0.04166666666666667,-0.012499999999999949
0.075,0.078125,0.037500000000000006,-0.020833333333333336,0.125,0.2947916666666667
0.1346153846153846,0.4006923076923077,0.25,0.0625,0.08928571428571429,0.9370934065934066
-0.2916666666666667,0.08333333333333333,0.875,-0.22916666666666669,0.078125,0.515625
0.375,0.045454545454545456,-0.33333333333333326,-0.0625,0.05000000000000002,0.07462121212121223
-0.015625,-0.1,-0.05833333333333333,0.009615384615384616,0.013888888888888881,-0.15045405982905985
0.5625,0.03125,-0.024999999999999994,0.041666666666666664,0.03125,0.6416666666666666
0.17500000000000002,0.125,0.03571428571428571,0.6130952380952381,0.08333333333333333,1.0321428571428573
-0.25,0.25,-0.03125,0.3,0.020833333333333332,0.2895833333333333
0.30357142857142855,-0.075,0.125,0.1,0.5,0.9535714285714285
0.027777777777777776,0.25,-0.017857142857142856,-0.125,0.04,0.17492063492063495
0.125,0.09375,0.010416666666666668,0.10416666666666667,0.0,0.3333333333333333
-0.2,0.010416666666666668,0.025,0.6130952380952381,-0.029411764705882353,0.4191001400560224
-0.25,-0.02272727272727272,0.59375,0.044117647058823525,0.125,0.49014037433155083
0.6130952380952381,0.013888888888888888,0.09999999999999998,-0.017857142857142856,0.17857142857142858,0.8876984126984127
0.006944444444444444,-0.02272727272727272,0.125,0.04591836734693877,0.15625,0.3113855390641105
0.038461538461538464,0.017857142857142856,0.041666666666666664,0.0625,0.0625,0.22298534798534797
0.0,0.2916666666666667,0.25,0.020833333333333332,0.08928571428571429,0.6517857142857144
0.0078125,-0.027777777777777776,-0.015625,0.5625,0.0625,0.5894097222222222
0.0234375,0.03125,0.59375,-0.020833333333333332,-0.017857142857142856,0.6097470238095237
0.1,-0.6428571428571428,-0.2,0.0625,0.30357142857142855,-0.37678571428571433
0.020833333333333332,0.125,-0.025,0.375,0.011363636363636364,0.5071969696969697
0.625,0.375,-0.140625,0.0125,-0.2916666666666667,0.5802083333333332
0.59375,0.0,0.011363636363636364,0.02976190476190476,0.25,0.8848755411255411
-0.2,0.010416666666666668,0.2613636363636364,-0.16071428571428573,-0.125,-0.21393398268398267
-0.125,0.0125,0.125,-0.2916666666666667,0.025,-0.25416666666666665
0.5750000000000001,-0.2916666666666667,0.041666666666666664,-0.0625,0.07142857142857142,0.33392857142857146
-0.16666666666666666,0.0125,0.0,0.125,0.041666666666666664,0.012500000000000018
-0.0625,0.08928571428571429,0.078125,-0.024999999999999994,0.017857142857142856,0.09776785714285716
-0.015625,0.05,0.2613636363636364,0.020833333333333336,-0.024999999999999994,0.29157196969696975
-0.2,0.0,-0.015625,-0.078125,0.19318181818181818,-0.10056818181818183
0.0078125,-0.07142857142857142,0.01666666666666667,0.044117647058823525,0.078125,0.07529324229691878
-0.041666666666666664,0.1875,0.125,-0.075,0.6130952380952381,0.8089285714285714
0.03125,0.02976190476190476,0.04166666666666667,0.03125,-0.2916666666666667,-0.15773809523809526
0.6130952380952381,0.0,0.0625,0.03125,-0.22727272727272727,0.47957251082251084
0.020833333333333332,0.125,0.375,0.10416666666666667,0.037500000000000006,0.6625
0.010416666666666668,0.3,0.25,0.0,0.375,0.9354166666666667
0.02976190476190476,0.10714285714285715,0.014705882352941176,0.015625,-0.20833333333333334,-0.041097689075630245
0.02272727272727272,0.1,-0.02272727272727272,0.020833333333333332,0.1875,0.30833333333333335
0.3333333333333333,0.041666666666666664,0.10416666666666667,0.075,0.017857142857142856,0.5720238095238096
0.0,0.027777777777777776,0.25,-0.041666666666666664,0.03125,0.26736111111111116
0.03125,0.0,0.0234375,0.0625,0.08333333333333333,0.20052083333333331
0.10416666666666667,0.041666666666666664,0.17500000000000002,-0.075,-0.041666666666666664,0.2041666666666667
-0.041666666666666664,-0.4583333333333333,-0.09615384615384615,0.125,-0.025,-0.49615384615384617
0.59375,0.0625,0.041666666666666664,0.125,0.2613636363636364,1.084280303030303
-0.046875,0.25,0.041666666666666664,0.041666666666666664,0.0625,0.3489583333333333
0.3125,-0.125,0.041666666666666664,0.10227272727272727,0.011363636363636364,0.3428030303030303
0.012500000000000004,0.052083333333333336,0.1875,0.125,0.011363636363636364,0.3884469696969697
0.5625,-0.10416666666666667,0.025,-0.027777777777777776,-0.0625,0.39305555555555555
-0.017857142857142856,-0.125,0.59375,0.014705882352941176,-0.4166666666666667,0.048932072829131645
0.0234375,-0.09615384615384615,0.4375,0.5,0.125,0.9897836538461539
0.041666666666666664,0.046875,-0.04000000000000001,0.008928571428571432,0.375,0.4324702380952381
0.017857142857142856,0.02976190476190476,0.011363636363636364,0.25,0.044117647058823525,0.3531003310415075
0.4006923076923077,0.041666666666666664,0.25,0.59375,0.125,1.4111089743589744
-0.2,0.09999999999999998,0.1,0.020833333333333332,-0.2916666666666667,-0.27083333333333337
-0.625,0.078125,0.09999999999999998,0.03571428571428571,0.1,-0.31116071428571435
0.6130952380952381,-0.15625,-0.020833333333333336,0.1875,-0.008333333333333333,0.6151785714285716
0.046875,0.0,-0.041666666666666664,0.0,-0.07211538461538461,-0.06690705128205127
-0.03571428571428572,0.5625,0.052083333333333336,0.041666666666666664,0.0625,0.6830357142857143
0.019230769230769225,0.375,0.125,-0.1,0.625,1.044230769230769
0.025,0.16666666666666666,0.875,0.041666666666666664,0.010416666666666666,1.1187500000000001
0.5,0.4006923076923077,0.6205357142857143,0.025,0.59375,2.139978021978022
0.6130952380952381,0.16666666666666669,0.0625,0.625,0.017857142857142856,1.4851190476190477
0.04166666666666667,-0.075,0.0625,0.04326923076923077,0.4006923076923077,0.47312820512820514
-0.4375,0.6130952380952381,-0.0625,0.0,-0.125,-0.011904761904761862
0.020833333333333332,-0.027777777777777776,0.0,0.14285714285714285,-0.0625,0.0734126984126984
0.0,0.125,-0.125,0.5625,0.052083333333333336,0.6145833333333334
0.041666666666666664,0.07986111111111112,-0.22916666666666669,0.125,0.053571428571428575,0.07093253968253968
0.10227272727272727,0.375,0.041666666666666664,0.6130952380952381,0.09375,1.2257846320346322
0.125,-0.25,0.1875,0.125,0.0625,0.25
0.005681818181818184,0.05357142857142857,-0.0625,0.16666666666666669,-0.0625,0.10091991341991344
0.6130952380952381,-0.025,0.03125,0.08333333333333333,-0.078125,0.6245535714285715
0.59375,-0.025,-0.296875,-0.125,0.4006923076923077,0.5475673076923077
0.02272727272727272,-0.25,0.052083333333333336,0.037500000000000006,0.020833333333333332,-0.11685606060606062
0.15625,0.027777777777777776,0.020833333333333332,0.2916666666666667,0.25,0.7465277777777778
-0.0625,-0.075,-0.0625,-0.05833333333333333,-0.4375,-0.6958333333333333
0.125,-0.20833333333333334,0.0625,0.010416666666666668,0.3125,0.3020833333333333
-0.051470588235294115,0.09999999999999998,-0.0375,0.04591836734693877,-0.024999999999999994,0.03194777911164464
-0.0375,0.125,0.038461538461538464,-0.2916666666666667,0.03125,-0.13445512820512823
0.5,0.041666666666666664,-0.0625,0.041666666666666664,0.02272727272727272,0.543560606060606
-0.015625,0.09615384615384616,0.0625,-0.027777777777777776,0.04591836734693877,0.16116943572300713
0.03125,0.05,0.5,0.03571428571428571,0.014705882352941176,0.6316701680672269
-0.017857142857142856,0.041666666666666664,-0.125,-0.026785714285714284,0.05,-0.07797619047619046
-0.07566666666666669,-0.046875,0.041666666666666664,0.3125,0.037500000000000006,0.26912499999999995
0.025,0.006944444444444444,-0.125,0.125,-0.017857142857142856,0.014087301587301586
0.625,0.0,-0.2,0.25,-0.1875,0.48750000000000004
0.037500000000000006,0.020833333333333332,0.30357142857142855,-0.15625,0.625,0.830654761904762
0.10714285714285715,-0.203125,0.041666666666666664,-0.09375,0.0125,-0.13556547619047618
-0.34375,0.05,0.6130952380952381,0.03571428571428571,0.04545454545454546,0.4005140692640693
-0.019230769230769232,0.0625,0.5,0.05,0.22499999999999998,0.8182692307692307
-0.33333333333333326,0.25,0.1,0.19318181818181818,0.1346153846153846,0.34446386946386953
-0.020833333333333332,0.3125,0.0,-0.125,0.0,0.16666666666666669
-0.08333333333333334,0.25,0.037500000000000006,-0.041666666666666664,0.1,0.2625
0.027777777777777776,-0.04000000000000001,0.09375,-0.125,0.25,0.20652777777777775
0.017857142857142856,0.0,-0.1875,0.125,-0.045454545454545456,-0.0900974025974026
0.05,0.30357142857142855,0.053571428571428575,0.125,0.5750000000000001,1.1071428571428572
0.125,0.0625,0.09999999999999998,-0.022727272727272728,0.5625,0.8272727272727273
0.4006923076923077,-0.375,0.125,0.6130952380952381,0.08928571428571429,0.8530732600732601
0.04591836734693877,-0.125,-0.03125,0.037500000000000006,0.008928571428571432,-0.0639030612244898
0.0234375,-0.09615384615384615,0.4375,0.5,0.125,0.9897836538461539
-0.045454545454545456,0.0,-0.03571428571428571,-0.125,-0.2,-0.4061688311688312
0.1875,0.022727272727272724,0.0,0.013888888888888881,-0.1,0.1241161616161616
0.04591836734693877,0.10416666666666667,0.125,-0.03571428571428571,-0.017857142857142856,0.2215136054421769
0.017857142857142856,0.2613636363636364,0.6130952380952381,0.08333333333333333,0.125,1.1006493506493507
0.16666666666666666,-0.140625,-0.015625,0.037500000000000006,0.046875,0.09479166666666666
-0.0625,-0.027777777777777776,-0.0625,0.0,0.22499999999999998,0.07222222222222219
0.125,0.0,0.16666666666666666,-0.4583333333333333,-0.09615384615384615,-0.26282051282051283
-0.0625,0.008928571428571432,0.2613636363636364,0.375,0.029222222222222205,0.6120144300144301
0.0,-0.075,0.041666666666666664,0.125,0.5750000000000001,0.6666666666666667
-0.1875,0.0,0.375,-0.125,0.125,0.1875
0.017857142857142856,0.125,0.125,0.3125,0.041666666666666664,0.6220238095238094
0.0,-0.125,-0.1875,0.0625,0.125,-0.125
0.008928571428571432,0.04591836734693877,0.125,0.2916666666666667,0.1875,0.6590136054421769
0.09999999999999998,0.25,-0.09375,-0.046875,0.045454545454545456,0.25482954545454545
0.375,-0.1,0.09999999999999998,0.10416666666666667,-0.03571428571428571,0.443452380952381
-0.022727272727272724,-0.125,0.05000000000000002,-0.017857142857142856,0.053571428571428575,-0.06201298701298699
0.1875,0.875,0.125,-0.6428571428571428,0.053571428571428575,0.5982142857142858
-0.4166666666666667,0.0,0.03409090909090909,0.14285714285714285,0.1,-0.13971861471861471
0.25,0.020833333333333332,0.30357142857142855,0.09375,0.625,1.2931547619047619
0.17857142857142858,0.078125,-0.22916666666666666,0.1875,0.0,0.21502976190476195
0.010416666666666668,-0.5,0.03125,0.021551724137931036,0.008928571428571432,-0.4278530377668308
0.1875,0.3333333333333333,-0.075,0.0,0.5,0.9458333333333333
0.25,0.078125,0.05,-0.041666666666666664,-0.056818181818181816,0.2796401515151515
0.03409090909090909,0.5,0.125,0.0625,-0.020833333333333336,0.7007575757575757
0.1,-0.03125,-0.017857142857142856,0.25,0.6130952380952381,0.9139880952380952
0.16666666666666666,0.5625,0.05,-0.017857142857142856,0.6205357142857143,1.381845238095238
-0.015625,0.0078125,0.0,0.041666666666666664,-0.2,-0.16614583333333335
0.0,0.0625,0.03125,-0.125,0.08333333333333333,0.05208333333333333
0.010416666666666668,-0.125,-0.0625,0.0625,0.4006923076923077,0.28610897435897437
-0.029411764705882353,-0.22727272727272727,0.25,0.011363636363636364,0.015625,0.020304144385026767
0.05,0.03125,0.041666666666666664,0.125,0.375,0.6229166666666667
-0.0625,0.059523809523809534,0.05,0.25,0.03125,0.3282738095238095
0.027777777777777776,0.03125,0.0,-0.022727272727272728,-0.025,0.011300505050505047
-0.0625,0.16666666666666666,0.0625,-0.3055555555555556,-0.041666666666666664,-0.18055555555555558
0.59375,-0.0625,-0.125,0.041666666666666664,0.375,0.8229166666666667
0.34375,0.15625,-0.2,-0.056818181818181816,0.08333333333333333,0.3265151515151515
-0.07499999999999996,0.0,0.4375,0.125,-0.020833333333333336,0.46666666666666673
0.125,0.59375,0.1,-0.125,-0.125,0.56875
0.025,-0.02272727272727272,0.08333333333333333,0.10227272727272727,0.04591836734693877,0.23379715522572664
0.0625,0.125,-0.0625,0.041666666666666664,0.625,0.7916666666666666
0.020833333333333332,0.0,-0.075,0.10227272727272727,0.375,0.4231060606060606
0.59375,0.008928571428571432,0.25,0.0,0.375,1.2276785714285714
0.041666666666666664,0.05357142857142857,-0.125,0.03409090909090909,-0.325,-0.32067099567099566
-0.024999999999999994,-0.0625,-0.015625,0.010416666666666668,0.010416666666666668,-0.08229166666666665
0.006944444444444444,0.078125,0.053571428571428575,0.3125,-0.07211538461538461,0.37902548840048844
0.035714285714285726,0.19318181818181818,0.029222222222222205,0.08333333333333333,-0.08333333333333334,0.2581183261183261
0.02976190476190476,0.0625,0.052083333333333336,0.03409090909090909,0.0234375,0.2018736471861472
0.010416666666666666,0.03125,0.10416666666666667,-0.03571428571428571,0.17857142857142858,0.2886904761904762
0.125,0.2613636363636364,0.05,0.25,-0.375,0.3113636363636364
0.04166666666666667,0.04166666666666667,0.125,-0.3392857142857143,0.0078125,-0.12313988095238096
0.625,-0.2,0.3125,0.125,0.008928571428571432,0.8714285714285714
-0.08333333333333333,-0.017857142857142856,0.008928571428571432,0.2613636363636364,-0.2,-0.03089826839826837
0.2916666666666667,0.375,-0.0625,-0.22916666666666666,0.375,0.7500000000000001
-0.041666666666666664,0.25,0.23214285714285715,-0.2,0.037500000000000006,0.2779761904761905
0.02976190476190476,0.075,0.2916666666666667,0.029222222222222205,0.0,0.42565079365079367
-0.025,-0.09722222222222224,-0.3214285714285714,-0.625,0.23214285714285715,-0.8365079365079364
0.1875,-0.03571428571428571,0.04326923076923077,0.1346153846153846,-0.22727272727272727,0.10239760239760246
0.6205357142857143,0.075,0.011363636363636364,0.375,-0.03571428571428572,1.0461850649350648
-0.2,0.1875,0.015625,0.16666666666666666,0.25,0.4197916666666667
0.0,0.011363636363636364,0.5625,0.14285714285714285,0.09999999999999998,0.8167207792207792
-0.022727272727272728,0.025,-0.015625,-0.04166666666666666,-0.029411764705882353,-0.08443070409982173
0.09375,0.125,0.4006923076923077,0.0,-0.0625,0.5569423076923077
-0.2916666666666667,0.041666666666666664,0.052083333333333336,0.07986111111111112,-0.020833333333333336,-0.13888888888888887
0.0625,-0.2916666666666667,0.020833333333333332,0.011363636363636364,0.011363636363636364,-0.18560606060606064
-0.33333333333333326,-0.2,0.0625,0.02272727272727272,0.6130952380952381,0.16498917748917763
0.03125,0.09375,0.08333333333333333,0.005681818181818184,0.013888888888888888,0.2279040404040404
0.08333333333333333,0.0625,-0.0625,0.6205357142857143,0.14285714285714285,0.8467261904761905
-0.2,0.125,0.05,-0.05555555555555555,0.0625,-0.01805555555555556
0.625,-0.051470588235294115,0.5625,0.027777777777777776,0.15625,1.3200571895424835
-0.2840909090909091,0.59375,-0.16666666666666666,0.017857142857142856,-0.08333333333333333,0.07751623376623375
-0.08333333333333334,-0.2,-0.125,0.09375,0.1,-0.21458333333333332
-0.01953125,-0.020833333333333336,0.125,0.125,0.041666666666666664,0.2513020833333333
0.041666666666666664,0.03125,0.010416666666666668,0.009615384615384616,0.045454545454545456,0.13840326340326342
-0.0625,-0.0625,-0.020833333333333336,0.02976190476190476,-0.07566666666666669,-0.19173809523809526
0.09999999999999998,0.17857142857142858,-0.041666666666666664,-0.022727272727272728,0.006944444444444444,0.22112193362193364
0.1,0.25,-0.017857142857142856,-0.125,0.011363636363636364,0.21850649350649348
0.014705882352941176,0.25,-0.2,0.0,-0.125,-0.06029411764705883
-0.2,0.0,-0.015625,-0.078125,0.19318181818181818,-0.10056818181818183
-0.0625,0.0,-0.025,0.10416666666666667,-0.08333333333333334,-0.06666666666666667
-0.3214285714285714,0.875,0.027777777777777776,-0.2,-0.0625,0.3188492063492064
0.025,-0.02272727272727272,-0.020833333333333332,0.125,0.0,0.10643939393939394
-0.041666666666666664,0.875,-0.08333333333333334,-0.013888888888888888,0.041666666666666664,0.7777777777777778
0.125,0.020833333333333332,0.5750000000000001,0.3333333333333333,0.1346153846153846,1.1887820512820513
0.875,-0.08333333333333333,0.04545454545454545,0.019230769230769232,0.007352941176470588,0.8637049225284519
-0.024999999999999994,0.10714285714285715,0.25,0.09375,0.03571428571428571,0.4616071428571429
-0.0625,0.017857142857142856,0.0,0.4006923076923077,0.04166666666666667,0.3977161172161172
0.10227272727272727,0.5,0.25,0.025,-0.3055555555555556,0.5717171717171717
0.125,0.0625,0.09999999999999998,-0.0625,-0.09615384615384615,0.12884615384615383
0.25,0.025,0.1346153846153846,-0.075,-0.05555555555555555,0.27905982905982907
0.012500000000000004,-0.140625,0.1875,0.5750000000000001,0.1,0.7343750000000001
0.09999999999999998,0.037500000000000006,0.375,0.10227272727272727,-0.015625,0.5991477272727272
-0.075,0.25,0.07142857142857142,-0.2,0.6205357142857143,0.6669642857142857
0.014705882352941176,0.013888888888888888,-0.015625,-0.09722222222222224,0.17857142857142858,0.0943189775910364
0.2916666666666667,0.08333333333333333,0.08333333333333333,0.10416666666666667,-0.041666666666666664,0.5208333333333334
-0.017857142857142856,0.09999999999999998,0.30357142857142855,0.0625,0.0,0.4482142857142857
-0.296875,-0.09375,-0.015625,0.10416666666666667,-0.07142857142857142,-0.37351190476190477
0.041666666666666664,0.125,-0.4375,0.04861111111111111,-0.027777777777777776,-0.25000000000000006
-0.03571428571428571,0.07142857142857142,-0.20833333333333334,0.041666666666666664,0.006944444444444444,-0.12400793650793651
0.5,0.0,-0.029411764705882353,0.0078125,0.05,0.5284007352941177
0.09999999999999998,-0.03125,0.03125,0.0,0.011363636363636364,0.11136363636363635
0.02272727272727272,0.5625,-0.0625,0.0,0.017857142857142856,0.5405844155844156
-0.140625,0.0,0.15,0.875,-0.041666666666666664,0.8427083333333334
0.625,0.109375,-0.078125,0.041666666666666664,0.05,0.7479166666666667
-0.125,0.10416666666666667,-0.03125,0.125,0.0,0.07291666666666667
0.875,0.1875,0.0625,-0.2916666666666667,0.044117647058823525,0.8774509803921567
0.6130952380952381,0.05,0.4375,0.009615384615384616,-0.5,0.6102106227106228
0.05,0.04166666666666667,0.05357142857142857,0.125,0.08333333333333333,0.3535714285714286
0.0,-0.017857142857142856,0.3125,0.125,0.025,0.4446428571428572
0.020833333333333332,0.037500000000000006,0.014705882352941176,-0.10416666666666667,0.5,0.46887254901960784
0.041666666666666664,-0.6875,0.022727272727272724,0.16666666666666666,0.0625,-0.39393939393939403
0.021551724137931036,0.1,0.020833333333333332,0.6205357142857143,0.027777777777777776,0.7906985495347565
0.010416666666666668,0.041666666666666664,0.022727272727272724,0.22499999999999998,0.08928571428571429,0.38909632034632036
0.0625,0.21875,0.015625,-0.020833333333333336,0.0,0.2760416666666667
0.05,0.1,0.5750000000000001,0.375,-0.022727272727272724,1.0772727272727274
-0.2,0.1346153846153846,0.125,0.08333333333333333,0.1875,0.33044871794871794
0.0625,0.10227272727272727,0.09999999999999998,-0.0625,0.15,0.3522727272727273
0.041666666666666664,0.3125,0.03409090909090909,0.6205357142857143,-0.015625,0.9931682900432901
0.09999999999999998,0.03409090909090909,0.03125,0.3333333333333333,0.22499999999999998,0.7236742424242424
0.25,0.020833333333333332,0.0,0.017857142857142856,0.0125,0.3011904761904762
0.052083333333333336,0.0,0.04166666666666667,0.08333333333333331,0.027777777777777776,0.2048611111111111
0.011363636363636364,0.017857142857142856,0.875,0.015625,-0.015625,0.9042207792207793
0.125,0.044117647058823525,0.03125,0.052083333333333336,-0.08333333333333333,0.16911764705882354
-0.075,0.6130952380952381,0.041666666666666664,-0.22916666666666669,0.25,0.6005952380952382
0.875,-0.0625,0.041666666666666664,0.125,-0.01953125,0.9596354166666666
-0.027777777777777776,-0.03571428571428571,0.041666666666666664,-0.125,0.15,0.0031746031746031633
0.125,-0.25,-0.0375,-0.15625,0.09999999999999998,-0.21875
0.25,0.025,0.04545454545454545,0.0625,0.013888888888888888,0.3968434343434344
0.6205357142857143,0.08333333333333333,-0.03571428571428572,0.0234375,-0.041666666666666664,0.6499255952380953
0.10416666666666667,-0.0625,0.1875,-0.2916666666666667,0.03409090909090909,-0.02840909090909091
-0.125,0.125,0.03125,0.2613636363636364,0.25,0.5426136363636365
0.1875,0.0078125,0.375,0.015625,0.09999999999999998,0.6859375
0.011363636363636364,0.005681818181818184,0.0,0.1875,0.08333333333333333,0.2878787878787879
0.5625,-0.05555555555555555,0.23214285714285715,-0.05,0.125,0.8140873015873016
0.1875,0.0625,0.08333333333333333,0.5,-0.0625,0.7708333333333333
0.027777777777777776,0.1,0.08333333333333333,0.04166666666666667,-0.6428571428571428,-0.390079365079365
0.011363636363636364,0.075,0.09999999999999998,-0.2,-0.025,-0.03863636363636367
0.30357142857142855,-0.075,0.875,-0.2,0.125,1.0285714285714287
-0.02272727272727272,0.125,-0.0625,0.03125,0.125,0.1960227272727273
0.5625,0.34375,-0.0625,0.125,-0.17045454545454544,0.7982954545454546
0.5,-0.015625,0.1,-0.25,0.25,0.584375
0.025,0.04591836734693877,-0.125,0.041666666666666664,0.875,0.8625850340136054
0.0234375,0.041666666666666664,0.0,0.029222222222222205,-0.04166666666666666,0.052659722222222205
0.04861111111111111,0.052083333333333336,0.046875,0.07142857142857142,0.375,0.5939980158730158
0.03125,0.09999999999999998,0.005681818181818184,-0.1,-0.0625,-0.02556818181818185
0.04591836734693877,0.041666666666666664,0.045454545454545456,-0.21875,0.05,-0.03571042053184913
0.125,0.008928571428571432,0.0,0.019230769230769225,-0.017857142857142856,0.1353021978021978
-0.03571428571428571,0.07142857142857142,-0.20833333333333334,0.041666666666666664,0.006944444444444444,-0.12400793650793651
-0.203125,0.0,0.125,0.25,-0.1875,-0.015625
-0.17045454545454544,0.04166666666666667,0.027777777777777776,-0.04000000000000001,0.125,-0.01601010101010103
0.041666666666666664,-0.041666666666666664,-0.041666666666666664,0.2613636363636364,0.5625,0.7821969696969697
-0.02272727272727272,-0.2,0.6130952380952381,0.03125,-0.03409090909090909,0.3875270562770563
-0.075,0.59375,0.19318181818181818,0.035714285714285726,0.125,0.8726461038961039
0.08333333333333333,0.0625,-0.25,0.0,-0.056818181818181816,-0.1609848484848485
0.20833333333333334,0.041666666666666664,0.09375,0.125,0.19318181818181818,0.6619318181818181
0.1,0.015625,0.05,-0.03125,-0.0625,0.07187500000000002
0.009615384615384616,-0.0625,0.5750000000000001,-0.375,0.25,0.39711538461538465
-0.125,0.041666666666666664,0.041666666666666664,0.04,-0.15625,-0.15791666666666668
0.0625,0.125,0.010416666666666668,-0.0625,0.2916666666666667,0.42708333333333337
-0.0625,0.041666666666666664,0.035714285714285726,0.15625,0.0,0.17113095238095238
0.3333333333333333,0.1875,0.010416666666666668,0.59375,0.0,1.125
0.3,0.020833333333333332,0.25,0.6130952380952381,0.5750000000000001,1.7589285714285716
0.625,0.1346153846153846,0.037500000000000006,0.03125,-0.15625,0.6721153846153846
0.14285714285714285,0.25,0.09375,0.041666666666666664,0.025,0.5532738095238096
-0.0625,0.17857142857142858,0.041666666666666664,0.2613636363636364,0.08928571428571429,0.5083874458874459
0.1,0.017857142857142856,0.010416666666666668,0.10416666666666667,0.041666666666666664,0.2741071428571429
0.125,-0.2,-0.125,0.0078125,0.0625,-0.1296875
0.020833333333333332,0.125,-0.0625,0.005681818181818184,0.02272727272727272,0.11174242424242424
-0.041666666666666664,0.08928571428571429,-0.027777777777777776,0.025,0.03571428571428571,0.08055555555555556
0.125,0.0,0.10416666666666667,-0.013888888888888888,0.0,0.2152777777777778
-0.015625,0.046875,0.14285714285714288,0.10227272727272727,0.08333333333333333,0.35971320346320346
0.010416666666666668,0.15,-0.125,-0.029411764705882353,0.08928571428571429,0.0952906162464986
0.25,0.10416666666666667,0.020833333333333332,0.125,0.14285714285714285,0.6428571428571428
0.0625,0.0,0.08333333333333333,0.07986111111111112,0.25,0.4756944444444444
-0.25,-0.041666666666666664,0.027777777777777776,0.625,0.09375,0.4548611111111111
0.027777777777777776,0.25,0.0625,0.0,-0.017857142857142856,0.32242063492063494
0.015625,0.2613636363636364,-0.09375,0.10416666666666667,0.09999999999999998,0.38740530303030307
-0.0625,0.0,0.125,0.109375,0.041666666666666664,0.21354166666666666
0.020833333333333332,-0.07211538461538461,-0.125,0.25,-0.296875,-0.22315705128205127
0.09999999999999998,0.025,0.011363636363636364,0.09615384615384616,0.2613636363636364,0.4938811188811189
-0.0625,0.044117647058823525,0.08333333333333333,-0.09615384615384615,0.0625,0.03129713423831071
0.05,0.25,-0.09722222222222224,0.0,0.6130952380952381,0.8158730158730159
-0.125,0.0125,0.1875,0.08333333333333333,0.02272727272727272,0.18106060606060603
-0.125,0.25,0.04326923076923077,0.0125,-0.03571428571428571,0.1450549450549451
0.06250000000000001,0.08333333333333333,0.0625,0.23214285714285715,0.6130952380952381,1.0535714285714286
-0.09375,0.3125,0.04861111111111111,0.25,0.25,0.7673611111111112
0.125,0.1875,-0.07211538461538461,0.04861111111111111,0.044117647058823525,0.33311337355455006
0.2613636363636364,0.09999999999999998,-0.02272727272727272,0.6130952380952381,0.078125,1.0298566017316018
-0.125,0.125,0.125,0.125,0.013888888888888888,0.2638888888888889
0.025,0.109375,0.15625,-0.15625,0.008928571428571432,0.14330357142857145
0.09999999999999998,0.041666666666666664,0.015625,-0.03125,0.15625,0.2822916666666666
0.125,0.011363636363636364,0.0,0.23214285714285715,0.05357142857142857,0.42207792207792205
0.25,0.044117647058823525,0.425,0.0625,0.08333333333333333,0.8649509803921569
0.025,0.19318181818181818,-0.075,0.59375,-0.025,0.7119318181818182
0.038461538461538464,-0.020833333333333332,-0.4375,-0.041666666666666664,0.3333333333333333,-0.12820512820512825
0.05,0.1,0.010416666666666668,0.011363636363636364,0.0,0.17178030303030303


w-start,w-upset,w-eater,w-pull,w-well
w-entire,w-follow,w-mind,w-fever,w-trace
w-popular,w-win,w-favorite,w-really,w-eat
w-agree,w-devastate,w-got,w-mess,w-home
w-need,w-recall,w-mom,w-infection,w-voluntarily
w-production,w-sent,w-sell,w-follow,w-involve
w-concern,w-aspartame,w-inspector,w-support,w-eater
w-important,w-ask,w-new,w-behind,w-gear
w-flu,w-every,w-recall,w-like,w-set
w-good,w-follow,w-just,w-read,w-kid
w-facility,w-sell,w-worth,w-same,w-room
w-catch,w-voluntarily,w-joke,w-aware,w-mom
w-safety,w-become,w-okay,w-blue-bell,w-knew
w-line,w-time,w-trial,w-result,w-patient
w-bite,w-must,w-far,w-voluntarily,w-chip
w-bout,w-center,w-shit,w-voluntarily,w-catch
w-realize,w-number,w-prevent,w-story,w-far
w-surface,w-like,w-investigator,w-concern,w-record
w-clear,w-same,w-gear,w-contain,w-result
w-bacteria,w-grief,w-safe,w-respond,w-create
w-bell,w-question,w-concern,w-baby,w-force
w-result,w-date,w-infect,w-apparently,w-add
w-love,w-business,w-sit,w-better,w-tragedy
w-place,w-fall,w-live,w-night,w-frozen
w-eat,w-today,w-street,w-put,w-show
w-expand,w-involve,w-study,w-lay,w-great
w-classic,w-senior,w-find,w-scare,w-need
w-put,w-time,w-suspend,w-voluntary,w-today
w-thing,w-unsanitary,w-profit,w-check,w-knew
w-chance,w-come,w-pull,w-lot,w-ate
w-pull,w-lose,w-yes,w-issue,w-cup
w-recall,w-social,w-sent,w-health,w-take
w-love,w-well,w-eat,w-statesman,w-enough
w-clean,w-prompt,w-investigator,w-down,w-pull
w-suppose,w-sticky,w-bite,w-time,w-real
w-detail,w-pull,w-agreement,w-full,w-think
w-know,w-manufacture,w-devastate,w-guess,w-cause
w-place,w-statement,w-told,w-see,w-gear
w-flu,w-sure,w-story,w-find,w-honestly
w-outbreak,w-aware,w-track,w-discovery,w-regard
w-news,w-best,w-stock,w-show,w-black
w-ate,w-blue-bell,w-listeria,w-good,w-new
w-opinion,w-outbreak,w-global,w-seem,w-create
w-really,w-chance,w-production,w-will,w-light
w-safe,w-love,w-must,w-man,w-favorite
w-like,w-better,w-brand,w-use,w-happy
w-aware,w-joke,w-best,w-health,w-sell
w-give,w-formula,w-brand,w-bell,w-man
w-former,w-work,w-medical,w-good,w-little
w-possible,w-like,w-figure,w-read,w-never
w-every,w-think,w-inside,w-put,w-scandal
w-cream,w-lover,w-positive,w-might,w-investigator
w-first,w-cream,w-home,w-scare,w-buy
w-street,w-plant,w-press,w-turn,w-far
w-show,w-vanilla,w-think,w-brand,w-chip
w-cup,w-hopefully,w-crave,w-spread,w-actually
w-blue-bell,w-alert,w-eat,w-control,w-mind
w-infection,w-taint,w-concern,w-cream,w-street
w-need,w-light,w-listeria,w-old,w-best
w-even,w-flavor,w-set,w-health,w-cream
w-bacteria,w-public,w-quite,w-okay,w-face
w-food,w-fight,w-contain,w-shit,w-price
w-small,w-work,w-forever,w-head,w-post
w-likely,w-fan,w-love,w-rise,w-newest
w-apparently,w-aspartame,w-bite,w-like,w-down
w-happy,w-know,w-rise,w-wow,w-love
w-treat,w-buy,w-survive,w-warn,w-outbreak
w-listeria,w-control,w-bacteria,w-investigator,w-news
w-first,w-science,w-forever,w-favorite,w-half
w-statement,w-fever,w-warn,w-long,w-yahoo
w-feel,w-production,w-believe,w-great,w-friend
w-voluntary,w-trace,w-too,w-take,w-soon
w-stuff,w-head,w-night,w-voluntarily,w-right
w-look,w-love,w-well,w-know,w-come
w-like,w-test,w-rule,w-sick,w-trust
w-like,w-start,w-fear,w-flu,w-comeback
w-latest,w-test,w-cream,w-health,w-good
w-okay,w-different,w-report,w-trust,w-hopefully
w-relate,w-former,w-nooooooo,w-issue,w-early
w-plant,w-apparently,w-find,w-gear,w-home
w-feel,w-last,w-issue,w-realize,w-enjoy
w-facility,w-prayer,w-will,w-prompt,w-best
w-outbreak,w-eater,w-check,w-apparently,w-man
w-risk,w-enjoy,w-just,w-clean,w-life
w-don,w-save,w-rule,w-line,w-care
w-cream,w-trust,w-recall,w-claim,w-rather
w-listeria,w-positive,w-serve,w-dip,w-reach
w-serious,w-flu,w-really,w-fear,w-stay
w-bring,w-trial,w-surface,w-prevent,w-change
w-better,w-fact,w-number,w-life,w-buy
w-home,w-full,w-alert,w-listeria,w-ate
w-positive,w-grief,w-serve,w-safe,w-keep
w-trust,w-report,w-time,w-set,w-hopefully
w-favorite,w-force,w-test,w-manufacture,w-crave
w-ingest,w-old,w-unsanitary,w-need,w-delicious
w-still,w-good,w-time,w-investigation,w-sold
w-don,w-away,w-blame,w-accord,w-positive
w-like,w-recall,w-pull,w-real,w-latest
w-time,w-long,w-fatal,w-recall,w-contain
w-frighten,w-saw,w-result,w-million,w-cream
w-good,w-fail,w-make,w-really,w-brand
w-unsanitary,w-recall,w-fox,w-prompt,w-report
w-prevent,w-state,w-act,w-half,w-whole
w-social,w-care,w-shit,w-say,w-use
w-reason,w-flavor,w-really,w-god,w-strain
w-flu,w-return,w-rather,w-early,w-try
w-flu,w-every,w-recall,w-like,w-set
w-set,w-quite,w-joke,w-recall,w-news
w-yes,w-really,w-question,w-surround,w-glad
w-use,w-food,w-yes,w-nice,w-down
w-knew,w-think,w-health,w-made,w-create
w-lead,w-happy,w-stock,w-old,w-fear
w-time,w-check,w-face,w-man,w-bite
w-came,w-delicious,w-seem,w-treat,w-knew
w-like,w-concern,w-private,w-seem,w-begin
w-read,w-enjoy,w-love,w-cream,w-agreement
w-away,w-taste,w-kid,w-lay,w-night
w-stay,w-like,w-trial,w-took,w-will
w-health,w-check,w-rather,w-test,w-alert
w-love,w-fact,w-best,w-statesman,w-recall
w-eater,w-start,w-enough,w-track,w-really
w-show,w-start,w-actually,w-regulation,w-man
w-eater,w-mean,w-kid,w-issue,w-believe
w-attention,w-chip,w-alert,w-got,w-too
w-trace,w-cup,w-start,w-time,w-past
w-down,w-blue,w-okay,w-fuck,w-behind
w-flavor,w-remember,w-pay,w-feel,w-bring
w-cream,w-march,w-scare,w-agree,w-ask
w-gear,w-cream,w-mess,w-press,w-want
w-will,w-care,w-dollar,w-time,w-man
w-okay,w-saw,w-bacteria,w-create,w-fill
w-day,w-test,w-take,w-pull,w-happy
w-delicious,w-wish,w-just,w-fun,w-issue
w-production,w-enjoy,w-grief,w-treat,w-sicken
w-best,w-distribution,w-try,w-right,w-listeria
w-ingest,w-follow,w-night,w-fact,w-death
w-free,w-such,w-serious,w-sale,w-trust
w-start,w-bacteria,w-time,w-got,w-might
w-death,w-bacteria,w-rose,w-alert,w-very
w-first,w-whole,w-thing,w-today,w-say
w-good,w-work,w-outbreak,w-date,w-possible
w-full,w-lead,w-ruin,w-just,w-old
w-down,w-follow,w-fine,w-flu,w-place
w-room,w-break,w-don,w-sicken,w-christian
w-blue-bell,w-safety,w-lead,w-street,w-discovery
w-important,w-just,w-senior,w-know,w-risk
w-god,w-industry,w-lead,w-food,w-create
w-sure,w-fan,w-back,w-concern,w-cup
w-scare,w-call,w-concern,w-always,w-know
w-first,w-check,w-kill,w-eater,w-get
w-best,w-even,w-head,w-health,w-knew
w-rise,w-opinion,w-surround,w-need,w-full
w-too,w-best,w-safe,w-risk,w-black
w-good,w-better,w-enjoy,w-worry,w-trouble
w-possible,w-delicious,w-forever,w-need,w-rule
w-eater,w-great,w-nooooooo,w-flu,w-vega
w-possible,w-aware,w-buy,w-another,w-nice
w-industry,w-set,w-job,w-back,w-cream
w-must,w-drop,w-man,w-fear,w-apparently
w-gradual,w-public,w-safety,w-like,w-latest
w-clean,w-please,w-alive,w-rise,w-whole
w-inspector,w-gradual,w-sick,w-plant,w-aware
w-say,w-only,w-take,w-private,w-never
w-love,w-happy,w-fever,w-question,w-took
w-blame,w-catch,w-call,w-good,w-concern
w-classic,w-alert,w-full,w-suspend,w-love
w-issue,w-prevent,w-place,w-scare,w-get
w-roll,w-taste,w-issue,w-lose,w-past
w-listeria,w-number,w-chip,w-far,w-force
w-first,w-old,w-stop,w-cause,w-add
w-good,w-day,w-put,w-classic,w-trouble
w-facility,w-friend,w-investigation,w-make,w-create
w-best,w-even,w-work,w-same,w-time
w-guideline,w-investigation,w-read,w-affect,w-hope
w-good,w-made,w-recall,w-return,w-start
w-actually,w-time,w-fix,w-give,w-really
w-took,w-ask,w-aspartame,w-contain,w-cover
w-close,w-happy,w-same,w-inspector,w-plant
w-facility,w-really,w-detail,w-took,w-right
w-test,w-take,w-last,w-hold,w-apparently
w-private,w-sale,w-told,w-unsanitary,w-upset
w-watch,w-meltdown,w-get,w-food,w-death
w-try,w-crave,w-stop,w-industry,w-club
w-fight,w-take,w-center,w-say,w-well
w-made,w-much,w-through,w-alert,w-return
w-classic,w-blue,w-outbreak,w-spread,w-right
w-issue,w-kill,w-right,w-bacteria,w-really
w-chip,w-meningitis,w-fire,w-love,w-mind
w-possible,w-place,w-safe,w-compliance,w-outbreak
w-classic,w-bacteria,w-just,w-taste,w-off
w-way,w-news,w-lead,w-good,w-taint
w-common,w-system,w-show,w-unsanitary,w-early
w-buy,w-recall,w-reason,w-devastate,w-expand
w-down,w-best,w-still,w-fall,w-mind
w-different,w-careful,w-god,w-will,w-taint
w-poison,w-gradual,w-happy,w-press,w-lover
w-friend,w-condition,w-clean,w-claim,w-time
w-think,w-well,w-hopefully,w-today,w-response
w-problem,w-cream,w-mom,w-trouble,w-condition
w-really,w-court,w-fear,w-too,w-different
w-production,w-avoid,w-throw,w-set,w-real
w-aware,w-send,w-bug,w-test,w-sent
w-much,w-time,w-back,w-good,w-cream
w-potential,w-read,w-dollar,w-important,w-safety
w-right,w-begin,w-actually,w-news,w-alert
w-power,w-fuck,w-march,w-forgot,w-saw
w-entire,w-old,w-got,w-just,w-scandal
w-blue-bell,w-got,w-street,w-good,w-pull
w-damn,w-bring,w-love,w-rose,w-time
w-good,w-put,w-recall,w-delivery,w-taste
w-roll,w-bring,w-inspector,w-make,w-win
w-check,w-involve,w-medical,w-lead,w-show
w-concern,w-great,w-crave,w-regulation,w-response
w-find,w-contract,w-date,w-happy,w-create
w-move,w-sent,w-love,w-trial,w-march
w-news,w-bad,w-listeria,w-voluntary,w-right
w-regulation,w-hope,w-cause,w-really,w-say
w-delicious,w-really,w-death,w-case,w-problem
w-love,w-state,w-say,w-come,w-fuck
w-blue-bell,w-got,w-like,w-cry,w-might
w-outbreak,w-case,w-possible,w-free,w-sale
w-nice,w-problem,w-fan,w-comeback,w-expand
w-reel,w-case,w-concern,w-contain,w-system
w-manufacture,w-price,w-major,w-affect,w-ask
w-production,w-decision,w-like,w-gap,w-bug
w-listeria,w-baby,w-production,w-remove,w-positive
w-find,w-stuff,w-serve,w-rise,w-major
w-flavor,w-favorite,w-suppose,w-begin,w-good
w-help,w-came,w-lover,w-told,w-problem
w-good,w-concern,w-investigation,w-help,w-lose
w-release,w-ben,w-honestly,w-just,w-study
w-get,w-important,w-gear,w-okay,w-really
w-came,w-watch,w-close,w-cup,w-final
w-new,w-news,w-bring,w-release,w-reason
w-investigator,w-don,w-first,w-friend,w-statement
w-break,w-try,w-treat,w-press,w-full
w-full,w-concern,w-move,w-voluntary,w-near
w-first,w-industry,w-much,w-want,w-lay
w-lay,w-tough,w-job,w-chance,w-cover
w-love,w-nearly,w-see,w-hope,w-like
w-night,w-yes,w-eat,w-ate,w-lead
w-eater,w-global,w-test,w-knew,w-say
w-change,w-follow,w-christian,w-statesman,w-say
w-aware,w-mess,w-street,w-reach,w-million
w-delivery,w-such,w-love,w-close,w-stupid
w-move,w-job,w-apparently,w-alert,w-suppose
w-vanilla,w-record,w-light,w-take,w-really
w-involve,w-come,w-man,w-yes,w-rose
w-well,w-see,w-treat,w-love,w-buy
w-listeria,w-recall,w-believe,w-attention,w-disaster
w-terrible,w-condition,w-recall,w-law,w-ready
w-good,w-risk,w-claim,w-safe,w-line
w-record,w-name,w-food,w-worry,w-down
w-only,w-happy,w-follow,w-don,w-show
w-feel,w-unsanitary,w-buy,w-fix,w-delicious
w-information,w-wonder,w-mom,w-business,w-way
w-alert,w-well,w-better,w-far,w-love
w-good,w-trust,w-learn,w-best,w-club
w-lover,w-want,w-show,w-point,w-well
w-despite,w-good,w-million,w-state,w-outbreak
w-agreement,w-fill,w-nothing,w-infection,w-pretty
w-scandal,w-possible,w-assume,w-happy,w-follow
w-add,w-note,w-trouble,w-buy,w-mean
w-knew,w-honestly,w-add,w-good,w-old
w-bacteria,w-grief,w-safe,w-respond,w-create
w-give,w-live,w-story,w-trust,w-pretty
w-good,w-cover,w-full,w-result,w-remove
w-love,w-cover,w-blue,w-suspend,w-well
w-new,w-damn,w-follow,w-clean,w-agreement
w-win,w-power,w-agreement,w-senior,w-treat
w-too,w-begin,w-plant,w-throw,w-despite
w-prevent,w-yahoo,w-investigation,w-got,w-health
w-hit,w-recall,w-sit,w-made,w-affect
w-sit,w-worth,w-check,w-disaster,w-fight
w-flu,w-test,w-tomorrow,w-force,w-new
w-date,w-big,w-show,w-chip,w-make
w-tell,w-facility,w-alert,w-law,w-close
w-delivery,w-system,w-another,w-leave,w-facility
w-common,w-night,w-fan,w-health,w-spread
w-girl,w-roll,w-huge,w-bacteria,w-behind
w-best,w-drastic,w-blue-bell,w-fuck,w-patient
w-spread,w-agreement,w-right,w-risk,w-best
w-watch,w-little,w-test,w-former,w-case
w-difficulty,w-relate,w-good,w-law,w-support
w-face,w-investigation,w-flu,w-relate,w-careful
w-fear,w-daily,w-believe,w-positive,w-think
w-social,w-health,w-kill,w-pregnant,w-concern
w-serious,w-crave,w-spread,w-cake,w-news
w-try,w-light,w-old,w-another,w-aspartame
w-call,w-name,w-meltdown,w-available,w-stop
w-decision,w-right,w-hand,w-already,w-nice
w-available,w-voluntary,w-recall,w-track,w-happy
w-well,w-associate,w-inspector,w-good,w-response
w-made,w-such,w-stomach,w-clean,w-take
w-move,w-job,w-apparently,w-alert,w-suppose
w-stop,w-return,w-late,w-outbreak,w-blue-bell
w-discovery,w-control,w-inside,w-real,w-buck
w-made,w-first,w-very,w-formula,w-march
w-involve,w-like,w-good,w-cream,w-already
w-early,w-death,w-production,w-clean,w-record
w-victim,w-contract,w-fever,w-trace,w-careful
w-bacteria,w-seriously,w-early,w-apology,w-job
w-pretty,w-take,w-like,w-really,w-sure
w-state,w-want,w-test,w-chance,w-nice
w-churn,w-state,w-really,w-outbreak,w-already
w-life,w-hope,w-time,w-eater,w-test
w-break,w-huge,w-churn,w-voluntary,w-time
w-take,w-made,w-enough,w-senior,w-christian
w-recall,w-yes,w-former,w-night,w-court
w-honestly,w-buck,w-recall,w-first,w-giant
w-number,w-wait,w-different,w-delivery,w-hand
w-discovery,w-mom,w-possible,w-bad,w-mean
w-hell,w-private,w-sign,w-infection,w-news
w-aspartame,w-agreement,w-right,w-room,w-best
w-taste,w-condition,w-shit,w-safe,w-private
w-get,w-unmarked,w-full,w-catch,w-take
w-wish,w-investigator,w-began,w-concern,w-alert
w-profit,w-condition,w-day,w-flavor,w-away
w-sign,w-alert,w-suppose,w-infect,w-thing
w-news,w-same,w-through,w-profit,w-good
w-wonder,w-aware,w-facility,w-start,w-better
w-date,w-find,w-state,w-add,w-nooooooo
w-quite,w-show,w-rule,w-another,w-cream
w-got,w-huge,w-plant,w-investigation,w-well
w-pull,w-lose,w-yes,w-issue,w-cup
w-figure,w-send,w-business,w-already,w-really
w-plant,w-hot,w-relate,w-crave,w-fight
w-try,w-help,w-concern,w-track,w-cover
w-too,w-early,w-accord,w-off,w-flavor
w-love,w-manufacture,w-global,w-guideline,w-voluntarily
w-joke,w-win,w-listeria,w-away,w-brand
w-crazy,w-worry,w-apparently,w-buy,w-consume
w-respond,w-love,w-heart,w-outbreak,w-scare
w-prayer,w-bring,w-cream,w-knew,w-make
w-report,w-enough,w-plant,w-industry,w-best
w-agreement,w-concern,w-began,w-knew,w-unsanitary
w-love,w-take,w-yes,w-scandal,w-voluntarily
w-force,w-live,w-taint,w-sign,w-poison
w-affect,w-crisis,w-production,w-got,w-get
w-center,w-major,w-hand,w-health,w-down
w-certain,w-positive,w-sure,w-use,w-need
w-come,w-accord,w-follow,w-sign,w-move
w-way,w-full,w-first,w-giant,w-taste
w-possible,w-like,w-figure,w-read,w-never
w-surface,w-clear,w-possible,w-frozen,w-find
w-delicious,w-blue-bell,w-health,w-actually,w-take
w-miss,w-start,w-take,w-like,w-listeria
w-senior,w-really,w-plant,w-shit,w-honestly
w-lay,w-fuck,w-agree,w-blue-bell,w-study
w-come,w-friend,w-great,w-sure,w-even
w-cover,w-last,w-sick,w-sad,w-agree
w-favorite,w-giant,w-point,w-think,w-lose
w-better,w-friend,w-say,w-really,w-only
w-nooooooo,w-safe,w-star,w-wonder,w-hopefully
w-break,w-man,w-happy,w-infection,w-recall
w-track,w-kid,w-production,w-several,w-pull
w-room,w-ben,w-well,w-seriously,w-plant
w-problem,w-eat,w-follow,w-note,w-consume
w-every,w-problem,w-attention,w-issue,w-say
w-fear,w-listeria,w-popular,w-new,w-good
w-god,w-room,w-cream,w-give,w-head
w-near,w-nearly,w-plant,w-better,w-infection
w-listeria,w-very,w-relate,w-expose,w-today
w-best,w-hit,w-aware,w-home,w-glad
w-fail,w-love,w-reel,w-statement,w-ruin
w-upset,w-listeria,w-suspend,w-room,w-news
w-fall,w-thing,w-hope,w-classic,w-suit
w-vanilla,w-send,w-got,w-set,w-court
w-likely,w-plant,w-thing,w-come,w-common
w-recall,w-taste,w-press,w-track,w-roll
w-news,w-profit,w-through,w-forgot,w-issue
w-close,w-frighten,w-nooooooo,w-kill,w-taint
w-listeria,w-baby,w-production,w-remove,w-positive
w-public,w-seriously,w-cause,w-first,w-serious
w-sick,w-mom,w-try,w-nooooooo,w-look
w-detail,w-bring,w-social,w-truck,w-state
w-lay,w-mom,w-need,w-latest,w-system
w-bacteria,w-agreement,w-nice,w-investigator,w-think
w-mom,w-ruin,w-pay,w-pop,w-stock
w-bug,w-watch,w-definitely,w-fact,w-back
w-half,w-ask,w-concern,w-well,w-surface
w-know,w-flu,w-read,w-information,w-off
w-statesman,w-voluntary,w-recall,w-million,w-job
w-daily,w-far,w-think,w-begin,w-expose
w-change,w-death,w-wish,w-nice,w-believe
w-recall,w-spread,w-voluntarily,w-know,w-sell
w-begin,w-daily,w-expand,w-listeria,w-better
w-close,w-head,w-weight,w-last,w-taste
w-senior,w-use,w-realize,w-just,w-let
w-dip,w-recall,w-right,w-devastate,w-concern
w-blue,w-former,w-weight,w-just,w-stuff
w-test,w-possible,w-despite,w-held,w-reach
w-late,w-expand,w-final,w-industry,w-center
w-flu,w-private,w-pull,w-find,w-relate
w-recall,w-next,w-full,w-break,w-issue
w-new,w-happy,w-plant,w-return,w-life
w-death,w-turn,w-whole,w-mom,w-let
w-delicious,w-remember,w-wall,w-guideline,w-relate
w-outbreak,w-just,w-next,w-disease,w-seriously
w-mom,w-favorite,w-every,w-disaster,w-rise
w-good,w-day,w-apparently,w-set,w-hurt
w-day,w-lover,w-live,w-time,w-use
w-drastic,w-march,w-health,w-contain,w-street
w-will,w-spread,w-close,w-mess,w-alert
w-vanilla,w-woe,w-control,w-early,w-today
w-catch,w-news,w-will,w-better,w-try
w-got,w-guideline,w-control,w-careful,w-price
w-popular,w-contribute,w-cup,w-thing,w-return
w-decision,w-news,w-nice,w-really,w-number
w-listeria,w-think,w-inspector,w-cream,w-wish
w-every,w-know,w-recall,w-half,w-whole
w-fan,w-health,w-sign,w-better,w-sell
w-recall,w-sign,w-cut,w-investigator,w-careful
w-crave,w-agreement,w-concern,w-statement,w-case
w-follow,w-even,w-surface,w-unclear,w-try
w-say,w-life,w-mom,w-cup,w-production
w-available,w-rose,w-must,w-follow,w-miss
w-begin,w-good,w-business,w-trouble,w-read
w-mom,w-bout,w-ate,w-already,w-fall
w-fill,w-formula,w-test,w-outbreak,w-whole
w-entire,w-small,w-sit,w-risk,w-recall
w-gear,w-girl,w-pay,w-show,w-put
w-better,w-brand,w-only,w-move,w-lay
w-just,w-victim,w-reason,w-problem,w-sign
w-might,w-very,w-tell,w-like,w-aspartame
w-favorite,w-find,w-really,w-cup,w-recall
w-man,w-give,w-kill,w-safe,w-prompt
w-happy,w-long,w-agree,w-act,w-already
w-safe,w-report,w-cream,w-alert,w-comeback
w-try,w-news,w-cream,w-lover,w-bad
w-say,w-friend,w-recall,w-blue-bell,w-cover
w-right,w-begin,w-mom,w-blue-bell,w-available
w-bring,w-buy,w-plant,w-tell,w-enough
w-happy,w-joke,w-likely,w-contain,w-strain
w-alert,w-production,w-news,w-still,w-profit
w-sale,w-make,w-google,w-force,w-mom
w-move,w-eat,w-trace,w-sure,w-several
w-held,w-follow,w-record,w-expand,w-voluntarily
w-send,w-recall,w-give,w-fix,w-fever
w-made,w-don,w-court,w-possibility,w-relate
w-entire,w-take,w-question,w-feel,w-dip
w-late,w-expand,w-final,w-industry,w-center
w-little,w-scandal,w-very,w-aspartame,w-churn
w-strain,w-clear,w-power,w-light,w-bacteria
w-ate,w-lay,w-food,w-like,w-happy
w-bring,w-blue-bell,w-good,w-cut,w-save
w-begin,w-love,w-positive,w-certain,w-classic
w-cream,w-infect,w-still,w-worry,w-away
w-please,w-see,w-old,w-inspector,w-positive
w-news,w-cup,w-relate,w-same,w-plant
w-set,w-victim,w-nice,w-never,w-frighten
w-rather,w-test,w-ate,w-saw,w-risk
w-investigation,w-entire,w-get,w-public,w-great
w-comeback,w-business,w-certain,w-glad,w-question
w-investigator,w-christian,w-got,w-love,w-turn
w-important,w-regulation,w-read,w-good,w-nice
w-best,w-think,w-clean,w-tell,w-risk
w-infection,w-treat,w-room,w-eat,w-sale
w-victim,w-taste,w-test,w-like,w-price
w-news,w-work,w-get,w-just,w-suit
w-truck,w-blue-bell,w-past,w-find,w-vega
w-agreement,w-buy,w-half,w-give,w-newest
w-press,w-price,w-chip,w-kid,w-law
w-inspector,w-scandal,w-first,w-latest,w-return
w-sold,w-record,w-mind,w-knew,w-cream
w-get,w-whole,w-wow,w-pull,w-response
w-crave,w-just,w-will,w-seem,w-infection
w-investigation,w-private,w-cream,w-note,w-daily
w-grief,w-lay,w-power,w-best,w-old
w-try,w-read,w-devastate,w-return,w-march
w-cup,w-like,w-former,w-first,w-recall
w-victim,w-break,w-chance,w-remember,w-force
w-release,w-down,w-outbreak,w-crave,w-blue
w-recall,w-far,w-say,w-big,w-like
w-crisis,w-rose,w-brand,w-job,w-investigation
w-relate,w-fuck,w-last,w-trace,w-good
w-past,w-case,w-safe,w-use,w-newest
w-outbreak,w-treat,w-point,w-case,w-giant
w-variety,w-realize,w-popular,w-agree,w-good
w-fatal,w-eater,w-hold,w-gear,w-daily
w-buy,w-wish,w-down,w-held,w-rise
w-like,w-recall,w-bring,w-good,w-condition
w-huge,w-entire,w-bacteria,w-truck,w-head
w-sale,w-remember,w-able,w-risk,w-took
w-recall,w-force,w-cup,w-fun,w-win
w-time,w-issue,w-quite,w-agree,w-live
w-fuck,w-rise,w-enjoy,w-science,w-use
w-prayer,w-positive,w-begin,w-love,w-cause
w-check,w-trial,w-tragedy,w-food,w-investigator
w-relate,w-news,w-get,w-issue,w-worry
