-0.375,0.041666666666666664,0.0625,0.041666666666666664,0.010416666666666668,-0.21875
0.0125,-0.75,0.05,-0.2,-0.015625,-0.903125
-0.125,-0.015625,-0.6875,-0.1875,0.020833333333333332,-0.9947916666666666
-0.3214285714285714,0.027777777777777776,0.0625,-0.3125,0.125,-0.4186507936507936
0.0,0.020833333333333332,-0.625,-0.0625,0.041666666666666664,-0.625
-0.25,-0.013888888888888888,-0.6875,-0.75,0.2916666666666667,-1.409722222222222
0.017857142857142856,-0.03409090909090909,-0.16666666666666666,-0.25,-0.08333333333333333,-0.5162337662337663
0.125,0.0,0.041666666666666664,0.041666666666666664,0.21249999999999997,0.4208333333333333
0.19318181818181818,-0.375,-0.1,0.0,-0.2,-0.48181818181818187
-0.03571428571428571,0.04591836734693877,-0.05600000000000002,0.09375,0.125,0.17295408163265302
-0.375,-0.625,0.10416666666666667,0.19318181818181818,0.041666666666666664,-0.6609848484848485
0.125,-0.09375,-0.375,0.013888888888888888,0.0625,-0.2673611111111111
0.1,-0.6875,0.125,-0.2,-0.08333333333333334,-0.7458333333333335
-0.625,0.041666666666666664,-0.05,-0.2,-0.15625,-0.9895833333333335
0.041666666666666664,0.125,-0.0625,-0.125,0.375,0.35416666666666663
-0.08333333333333334,-0.07142857142857142,0.04591836734693877,0.057692307692307696,0.08333333333333333,0.03218210361067503
0.05,0.25,-0.16071428571428573,-0.6875,0.025,-0.5232142857142857
-0.125,0.041666666666666664,0.125,-0.125,-0.125,-0.20833333333333334
-0.041666666666666664,0.02976190476190476,0.041666666666666664,0.0,0.011363636363636364,0.04112554112554112
-0.6875,0.08333333333333333,-0.041666666666666664,0.0,0.010416666666666668,-0.6354166666666666
0.025,0.17857142857142858,0.017857142857142856,-0.075,-0.05,0.0964285714285714
0.041666666666666664,0.0,-0.0625,-0.2,0.1,-0.12083333333333335
0.017857142857142856,-0.25,-0.6875,0.08333333333333333,0.020833333333333332,-0.8154761904761905
-0.375,-0.125,-0.4791666666666667,0.3125,0.015000000000000003,-0.6516666666666667
-0.5,0.0625,-0.041666666666666664,0.2604166666666667,0.02272727272727272,-0.1960227272727273
-0.0625,-0.1,-0.11458333333333331,0.010416666666666668,-0.020833333333333336,-0.2875
-0.0625,-0.125,-0.6875,-0.0625,0.3,-0.6375
-0.041666666666666664,0.010416666666666668,0.015000000000000003,0.0078125,0.041666666666666664,0.03322916666666667
-0.08333333333333334,-0.5416666666666666,-0.027777777777777776,0.041666666666666664,0.041666666666666664,-0.5694444444444445
-0.625,-0.15625,-0.2,0.20833333333333334,0.05,-0.7229166666666665
-0.125,0.04591836734693877,-0.75,0.10714285714285715,-0.05600000000000002,-0.7779387755102041
-0.0625,0.03125,-0.3125,0.0,0.03125,-0.3125
-0.07142857142857142,-0.33333333333333326,-0.2,0.19318181818181818,0.1875,-0.22408008658008643
0.010416666666666668,-0.2,0.3125,0.02272727272727272,-0.6875,-0.5418560606060606
0.04591836734693877,-0.25,0.015000000000000003,-0.4791666666666667,0.1346153846153846,-0.5336329147043433
-0.625,0.03125,-0.0625,-0.3125,-0.296875,-1.265625
0.1,-0.20833333333333334,-0.041666666666666664,0.010416666666666668,0.125,-0.014583333333333337
-0.125,0.125,-0.027777777777777776,-0.6875,-0.2,-0.9152777777777779
-0.2,-0.041666666666666664,0.011363636363636364,-0.1111111111111111,0.0078125,-0.3336016414141414
-0.1,0.25,0.10416666666666667,-0.125,-0.2,-0.07083333333333336
0.02272727272727272,0.08333333333333333,0.375,0.025,-0.2,0.3060606060606061
0.09999999999999998,-0.375,-0.041666666666666664,-0.0625,-0.75,-1.1291666666666667
-0.0625,-0.2,0.03125,0.3125,0.375,0.45625
0.078125,-0.08333333333333333,0.0625,-0.15625,-0.2,-0.2989583333333333
-0.25,-0.125,-0.6875,0.041666666666666664,0.025,-0.9958333333333332
-0.013888888888888888,0.010416666666666668,-0.25,0.10416666666666667,0.041666666666666664,-0.10763888888888887
0.03125,-0.2,0.011363636363636364,0.1,0.010416666666666668,-0.04696969696969698
0.02272727272727272,-0.625,0.0,-0.1875,0.041666666666666664,-0.7481060606060607
-0.33333333333333326,0.011363636363636364,0.08333333333333333,-0.25,-0.2,-0.6886363636363636
0.08333333333333333,-0.1875,-0.375,-0.6875,0.027777777777777776,-1.138888888888889
-0.025,-0.4791666666666667,0.06250000000000001,0.025,-0.5416666666666666,-0.9583333333333333
0.041666666666666664,-0.075,-0.25,-0.05357142857142857,-0.020833333333333336,-0.3577380952380952
-0.16071428571428573,0.037500000000000006,-0.33333333333333326,-0.75,-0.16666666666666666,-1.3732142857142857
0.125,0.0625,0.078125,0.08333333333333333,-0.2,0.1489583333333333
0.08333333333333333,-0.375,0.19318181818181818,0.0625,-0.08333333333333333,-0.11931818181818184
-0.3125,0.03125,-0.2,0.041666666666666664,-0.375,-0.8145833333333333
0.19318181818181818,-0.0625,-0.2,0.020833333333333332,0.08333333333333333,0.03484848484848482
-0.027777777777777776,-0.5,-0.125,-0.03409090909090909,0.015000000000000003,-0.6718686868686868
-0.6875,0.010416666666666668,0.017857142857142856,0.06250000000000001,0.10227272727272727,-0.4944534632034632
0.025,-0.08333333333333333,-0.05,-0.07142857142857142,-0.0625,-0.24226190476190476
0.10416666666666667,-0.2,0.04166666666666667,0.015000000000000003,0.125,0.08583333333333333
-0.0625,0.0625,0.08333333333333333,0.011363636363636364,0.041666666666666664,0.13636363636363635
-0.1875,-0.6875,0.025,-0.16666666666666669,-0.1,-1.1166666666666667
-0.2,0.022727272727272728,0.0625,0.03125,0.075,-0.008522727272727279
-0.125,0.0625,0.125,-0.027777777777777776,0.025,0.059722222222222225
-0.08333333333333334,0.037500000000000006,0.02272727272727272,0.125,-0.75,-0.6481060606060606
-0.6875,0.20833333333333334,0.020833333333333332,-0.75,0.010416666666666668,-1.1979166666666665
0.0,-0.125,-0.125,-0.029411764705882353,-0.2,-0.47941176470588237
0.041666666666666664,0.375,0.125,0.010416666666666668,-0.4791666666666667,0.07291666666666669
-0.33333333333333326,-0.375,-0.16666666666666666,0.005681818181818184,0.0625,-0.8068181818181817
0.029222222222222205,-0.1875,-0.0625,0.04591836734693877,0.10416666666666667,-0.07069274376417235
0.025,0.025,-0.2,0.011363636363636364,0.0,-0.13863636363636367
-0.0625,-0.33333333333333326,-0.1,-0.027777777777777776,0.0625,-0.461111111111111
0.15625,0.041666666666666664,0.19318181818181818,-0.0625,0.0,0.32859848484848486
-0.075,0.03125,0.19318181818181818,-0.625,-0.041666666666666664,-0.5172348484848485
-0.6875,-0.375,-0.20833333333333337,-0.0625,-0.2,-1.5333333333333334
0.125,-0.08333333333333334,0.05,0.08333333333333333,-0.2,-0.025000000000000022
-0.10416666666666667,0.09999999999999998,0.0,-0.3125,-0.5416666666666666,-0.8583333333333334
-0.25,0.041666666666666664,-0.25,-0.08333333333333334,-0.05,-0.5916666666666668
-0.2,-0.25,-0.2,0.125,0.125,-0.4
-0.0625,-0.05600000000000002,-0.33333333333333326,-0.015625,0.0,-0.4674583333333333
0.05,0.017857142857142856,0.02976190476190476,-0.125,0.125,0.09761904761904763
-0.0625,0.057692307692307696,-0.075,0.011363636363636364,0.125,0.056555944055944066
0.011363636363636364,0.03125,0.015000000000000003,-0.125,-0.2,-0.26738636363636364
-0.013888888888888888,-0.2,-0.1,0.08333333333333333,-0.125,-0.35555555555555557
-0.5416666666666666,0.19318181818181818,-0.525,0.0,0.010416666666666668,-0.8630681818181819
0.1,-0.5,0.017857142857142856,-0.75,-0.125,-1.2571428571428571
-0.3055555555555556,0.010416666666666668,0.4,0.3125,-0.0625,0.3548611111111111
-0.05,0.08333333333333333,0.125,-0.3125,0.011363636363636364,-0.14280303030303032
-0.75,-0.0625,0.375,-0.2,0.0625,-0.575
-0.375,0.015000000000000003,-0.0625,-0.4791666666666667,-0.2,-1.1016666666666666
0.041666666666666664,-0.0625,0.09999999999999998,-0.041666666666666664,0.041666666666666664,0.07916666666666664
-0.5416666666666666,0.08333333333333333,-0.2,0.08333333333333333,0.0625,-0.5125
-0.04166666666666666,-0.33333333333333326,-0.2,0.03125,0.25,-0.29374999999999996
-0.15625,-0.03125,-0.027777777777777776,0.08333333333333333,-0.04166666666666666,-0.17361111111111113
0.125,-0.6875,-0.375,-0.012711864406779658,-0.0625,-1.0127118644067796
0.1,0.0625,-0.296875,0.02976190476190476,-0.33333333333333326,-0.4379464285714285
-0.05,0.6130952380952381,-0.6875,-0.09375,0.21875,0.0005952380952380931
0.011363636363636364,0.035714285714285726,0.017857142857142856,-0.2,0.1,-0.03506493506493505
-0.33333333333333326,0.09999999999999998,-0.1875,-0.08333333333333333,0.03125,-0.47291666666666665
-0.2,-0.2,-0.125,-0.3125,0.035714285714285726,-0.8017857142857143
0.029222222222222205,0.1346153846153846,-0.015625,-0.125,-0.05,-0.02678739316239319
0.03125,-0.25,-0.020833333333333336,-0.0625,0.0625,-0.23958333333333337
-0.203125,-0.0625,-0.05600000000000002,-0.075,0.08333333333333333,-0.31329166666666675
0.0,0.03125,-0.1,0.08333333333333333,0.0625,0.07708333333333332
-0.6875,-0.375,-0.20833333333333337,-0.0625,-0.2,-1.5333333333333334
0.041666666666666664,-0.17045454545454547,0.08333333333333333,0.3,-0.0625,0.19204545454545452
0.020833333333333332,0.15625,-0.012711864406779658,0.0625,-0.625,-0.3981285310734463
-0.06944444444444445,-0.125,0.1,0.041666666666666664,-0.027777777777777776,-0.08055555555555555
0.04591836734693877,-0.25,-0.2,-0.5416666666666666,0.19318181818181818,-0.7525664811379098
0.10416666666666667,0.010416666666666666,-0.75,-0.125,-0.0625,-0.8229166666666666
0.04591836734693877,0.025,0.010416666666666666,0.1346153846153846,0.4,0.6159504186289901
0.08333333333333333,0.0625,-0.125,0.08333333333333333,-0.3214285714285714,-0.21726190476190477
0.0625,0.09999999999999998,0.10227272727272727,0.125,-0.5416666666666666,-0.15189393939393936
0.09999999999999998,-0.2,-0.015625,0.020833333333333332,-0.33333333333333326,-0.428125
-0.296875,0.041666666666666664,0.08333333333333333,-0.125,-0.2,-0.496875
-0.04166666666666666,-0.5,-0.1111111111111111,-0.25,-0.041666666666666664,-0.9444444444444443
-0.03125,-0.2,-0.2,0.04591836734693877,-0.25,-0.6353316326530613
0.075,-0.041666666666666664,0.0625,0.06250000000000001,0.19318181818181818,0.3515151515151515
0.1,-0.2,0.10227272727272727,-0.5416666666666666,0.125,-0.4143939393939393
-0.0625,0.02272727272727272,-0.15625,-0.08333333333333334,-0.1875,-0.46685606060606066
0.15625,-0.08333333333333334,-0.013888888888888888,-0.25,0.0078125,-0.18315972222222224
0.25,-0.08333333333333334,-0.25,0.013888888888888888,-0.075,-0.14444444444444443
-0.125,0.041666666666666664,0.022727272727272728,-0.25,-0.25,-0.5606060606060606
-0.33333333333333326,0.041666666666666664,0.125,0.06250000000000001,0.05,-0.05416666666666656
-0.33333333333333326,0.125,-0.2,-0.296875,0.09999999999999998,-0.6052083333333332
-0.33333333333333326,0.0078125,0.020833333333333332,0.037500000000000006,0.25,-0.01718749999999991
-0.2,0.015000000000000003,-0.25,-0.125,0.03125,-0.52875
-0.0625,-0.625,0.0625,0.02272727272727272,-0.33333333333333326,-0.9356060606060606
-0.25,-0.375,0.19318181818181818,-0.5416666666666666,-0.625,-1.5984848484848484
-0.125,-0.625,-0.3214285714285714,0.041666666666666664,-0.125,-1.1547619047619047
-0.0625,-0.075,-0.125,-0.05357142857142857,-0.296875,-0.6129464285714286
-0.20833333333333337,0.020833333333333332,0.0,0.010416666666666668,-0.027777777777777776,-0.20486111111111116
-0.6875,0.375,-0.2,0.125,0.08333333333333333,-0.30416666666666664
-0.125,-0.33333333333333326,-0.017857142857142856,0.041666666666666664,-0.0625,-0.4970238095238094
0.06250000000000001,-0.03409090909090909,0.041666666666666664,0.1,-0.075,0.0950757575757576
0.25,0.08333333333333333,0.0,-0.0625,0.08333333333333333,0.35416666666666663
0.09999999999999998,0.02272727272727272,0.04326923076923077,0.10227272727272727,-0.5,-0.2317307692307693
-0.625,0.025,-0.0625,0.05,-0.041666666666666664,-0.6541666666666666
-0.15625,0.0625,-0.017857142857142856,0.0625,-0.06944444444444445,-0.1185515873015873
-0.03125,0.25,-0.0625,0.08333333333333333,-0.0625,0.17708333333333331
-0.2,0.015000000000000003,-0.375,-0.0625,-0.6875,-1.31
-0.375,-0.2,0.05,0.010416666666666668,-0.2,-0.7145833333333333
0.017857142857142856,-0.041666666666666664,-0.125,0.015000000000000003,0.041666666666666664,-0.09214285714285714
0.125,-0.33333333333333326,0.3125,-0.2,-0.6875,-0.7833333333333332
0.041666666666666664,-0.008333333333333333,0.08333333333333333,0.09722222222222224,-0.375,-0.1611111111111111
-0.6875,-0.2,-0.013888888888888888,-0.08333333333333334,-0.0625,-1.047222222222222
0.011363636363636364,0.19318181818181818,-0.25,0.0625,0.041666666666666664,0.058712121212121195
-0.041666666666666664,-0.07142857142857142,0.0625,0.125,-0.5416666666666666,-0.4672619047619047
-0.041666666666666664,0.0625,0.025,-0.375,-0.041666666666666664,-0.37083333333333335
0.25,-0.075,-0.15625,-0.2,0.020833333333333332,-0.16041666666666668
-0.0625,0.020833333333333332,0.1,-0.08333333333333334,-0.296875,-0.321875
-0.020833333333333336,-0.2,-0.027777777777777776,-0.375,0.02976190476190476,-0.5938492063492063
0.015000000000000003,-0.125,-0.125,0.09999999999999998,-0.375,-0.51
0.0,0.125,0.011363636363636364,-0.07142857142857142,-0.33333333333333326,-0.2683982683982683
0.08333333333333333,0.041666666666666664,0.1,-0.041666666666666664,-0.375,-0.19166666666666665
0.0078125,0.011363636363636364,-0.125,0.09999999999999998,-0.5416666666666666,-0.5474905303030303
0.025,-0.025,0.041666666666666664,-0.012711864406779658,-0.375,-0.346045197740113
-0.16666666666666669,-0.125,0.03125,-0.4791666666666667,0.1,-0.6395833333333334
-0.03571428571428571,0.08333333333333333,-0.2,0.02976190476190476,-0.20833333333333334,-0.330952380952381
0.0625,-0.6875,-0.375,-0.0625,-0.140625,-1.203125
-0.375,-0.03125,-0.2,0.04591836734693877,-0.375,-0.9353316326530612
0.19318181818181818,0.08333333333333333,-0.16666666666666669,0.041666666666666664,0.1,0.25151515151515147
-0.041666666666666664,-0.017857142857142856,0.21249999999999997,-0.75,0.011363636363636364,-0.5856601731601733
-0.03125,-0.525,0.029222222222222205,0.09999999999999998,-0.6875,-1.114527777777778
0.025,0.0,0.125,-0.375,0.5750000000000001,0.3500000000000001
-0.21428571428571425,-0.3125,-0.525,-0.6875,0.125,-1.6142857142857143
-0.03571428571428571,0.02976190476190476,0.08333333333333333,0.09375,0.0,0.17113095238095238
0.05,0.025,-0.375,-0.2,-0.25,-0.75
0.08333333333333333,0.0078125,-0.375,-0.075,-0.16666666666666666,-0.5255208333333333
0.10416666666666667,-0.05,-0.3055555555555556,0.025,-0.375,-0.6013888888888889
0.025,0.125,-0.33333333333333326,-0.125,-0.75,-1.0583333333333331
0.041666666666666664,0.027777777777777776,-0.2,-0.25,0.025,-0.3555555555555555
0.08333333333333333,-0.25,-0.125,-0.0625,-0.75,-1.1041666666666667
0.041666666666666664,0.25,-0.25,-0.020833333333333336,0.08333333333333333,0.10416666666666669
-0.125,-0.75,-0.33333333333333326,-0.125,0.06250000000000001,-1.2708333333333333
0.19318181818181818,-0.16666666666666666,-0.013888888888888888,-0.375,-0.125,-0.48737373737373735
0.0625,0.19318181818181818,-0.25,0.08333333333333333,0.0,0.0890151515151515
-0.015625,0.05,-0.075,-0.03571428571428571,0.1,0.0236607142857143
-0.375,0.5,0.3125,-0.75,-0.08333333333333334,-0.39583333333333337
0.0,-0.125,0.0625,0.21249999999999997,-0.041666666666666664,0.10833333333333331
-0.2,-0.16071428571428573,0.03571428571428571,-0.2,0.041666666666666664,-0.48333333333333345
0.125,0.125,-0.2,0.041666666666666664,0.25,0.3416666666666667
0.05,-0.16666666666666666,0.041666666666666664,0.125,-0.375,-0.32499999999999996
-0.33333333333333326,0.09999999999999998,-0.375,0.017857142857142856,0.02976190476190476,-0.5607142857142856
-0.012711864406779658,0.025,-0.017857142857142856,0.017857142857142856,0.575,0.5872881355932204
-0.041666666666666664,0.041666666666666664,-0.21428571428571425,-0.5,0.08333333333333333,-0.6309523809523808
-0.017857142857142856,0.078125,0.125,0.011363636363636364,0.3,0.4966314935064935
-0.2,-0.05,-0.07499999999999996,0.041666666666666664,0.375,0.09166666666666673
0.041666666666666664,-0.375,-0.03571428571428572,0.125,0.125,-0.11904761904761901
0.0078125,-0.041666666666666664,-0.6875,0.0,0.1,-0.6213541666666667
0.025,0.025,-0.2,0.011363636363636364,0.0,-0.13863636363636367
-0.25,0.09999999999999998,0.0,0.0,0.125,-0.025000000000000022
-0.125,-0.08333333333333334,0.0625,-0.08333333333333334,-0.2,-0.4291666666666667
0.017857142857142856,0.020833333333333332,0.10416666666666667,-0.15625,0.041666666666666664,0.028273809523809514
-0.2,-0.1111111111111111,-0.2,0.0,0.03125,-0.47986111111111107
-0.027777777777777776,0.02272727272727272,0.0,-0.2,0.019230769230769225,-0.18581973581973585
-0.3214285714285714,-0.375,0.125,-0.2,0.010416666666666666,-0.7610119047619047
0.19318181818181818,-0.6875,-0.2,0.09999999999999998,-0.15625,-0.7505681818181819
-0.015625,-0.075,0.029222222222222205,-0.027777777777777776,0.041666666666666664,-0.047513888888888904
-0.0625,-0.08333333333333334,0.05,-0.2,0.011363636363636364,-0.284469696969697
0.0625,-0.3214285714285714,0.017857142857142856,0.03571428571428571,-0.15625,-0.36160714285714285
0.125,0.041666666666666664,0.0078125,0.0625,0.041666666666666664,0.2786458333333333
-0.296875,0.010416666666666668,0.375,-0.05357142857142857,0.020833333333333332,0.05580357142857145
-0.375,0.011363636363636364,0.3125,-0.041666666666666664,-0.125,-0.2178030303030303
-0.3055555555555556,0.03125,0.025,-0.25,-0.2,-0.6993055555555556
-0.04166666666666666,-0.2,-0.07142857142857142,-0.025,0.015000000000000003,-0.3230952380952381
-0.1,0.08333333333333333,0.011363636363636364,0.0625,0.011363636363636364,0.06856060606060606
-0.041666666666666664,-0.140625,0.09999999999999998,-0.025,0.59375,0.4864583333333333
0.03571428571428571,-0.07142857142857142,-0.525,0.010416666666666666,0.19318181818181818,-0.3571158008658009
0.125,0.19318181818181818,0.09999999999999998,-0.125,0.0625,0.35568181818181815
0.0625,0.0,-0.4791666666666667,-0.1875,0.125,-0.47916666666666674
-0.024999999999999994,0.125,-0.525,0.03125,0.035714285714285726,-0.35803571428571435
0.125,-0.375,-0.75,-0.2,-0.2,-1.4
-0.015625,-0.11458333333333331,-0.027777777777777776,-0.375,0.035714285714285726,-0.49727182539682546
0.0,-0.1875,-0.25,-0.041666666666666664,-0.16666666666666669,-0.6458333333333334
0.1,-0.20833333333333334,-0.041666666666666664,0.010416666666666668,0.125,-0.014583333333333337
-0.0625,0.03125,-0.2,-0.1875,0.3125,-0.10625000000000001
0.0625,-0.375,0.0625,-0.5416666666666666,-0.041666666666666664,-0.8333333333333333
-0.75,0.041666666666666664,-0.1875,-0.027777777777777776,-0.25,-1.1736111111111112
0.375,-0.017857142857142856,-0.0625,-0.33333333333333326,0.010416666666666668,-0.02827380952380944
0.08333333333333333,0.15625,0.375,-0.0625,-0.0625,0.48958333333333326
-0.125,-0.125,0.25,-0.3055555555555556,-0.04166666666666666,-0.3472222222222222
0.15625,0.041666666666666664,0.19318181818181818,-0.0625,0.0,0.32859848484848486
-0.20833333333333334,0.0,0.041666666666666664,0.08333333333333333,-0.10416666666666667,-0.18750000000000003
-0.041666666666666664,-0.125,0.125,0.03125,-0.375,-0.38541666666666663
0.017857142857142856,-0.10416666666666667,0.010416666666666668,0.0625,-0.25,-0.26339285714285715
-0.375,0.010416666666666668,-0.6875,-0.375,-0.15625,-1.5833333333333333
-0.041666666666666664,0.02976190476190476,0.041666666666666664,0.0,0.011363636363636364,0.04112554112554112
-0.525,0.0625,0.125,-0.2,-0.16666666666666669,-0.7041666666666668
-0.029411764705882353,0.08333333333333333,-0.1,0.0,-0.75,-0.7960784313725491
0.025,-0.027777777777777776,0.04591836734693877,-0.75,0.0625,-0.644359410430839
0.0,-0.3055555555555556,0.15625,0.041666666666666664,0.125,0.017361111111111077
-0.025,-0.75,-0.375,0.0125,0.057692307692307696,-1.0798076923076922
0.08333333333333333,0.015000000000000003,-0.25,-0.05357142857142857,0.125,-0.08023809523809525
0.0078125,0.013888888888888888,-0.3055555555555556,-0.1,0.08333333333333333,-0.3005208333333334
-0.75,-0.25,0.25,-0.07142857142857142,-0.041666666666666664,-0.863095238095238
-0.2,0.0,-0.625,-0.25,-0.3125,-1.3875
0.08333333333333333,-0.027777777777777776,-0.140625,-0.25,-0.75,-1.0850694444444444
0.375,0.0,0.011363636363636364,0.06250000000000001,-0.2,0.24886363636363634
0.0,0.125,-0.11458333333333331,0.0625,-0.05600000000000002,0.016916666666666663
-0.125,-0.16071428571428573,-0.041666666666666664,0.08333333333333333,0.0,-0.24404761904761907
-0.25,0.08333333333333333,-0.05357142857142857,-0.33333333333333326,0.011363636363636364,-0.5422077922077921
0.06250000000000001,-0.125,0.10416666666666667,-0.2,-0.015625,-0.17395833333333333
0.013888888888888888,0.10714285714285715,-0.041666666666666664,0.6130952380952381,0.125,0.8174603174603176
0.03125,0.041666666666666664,0.020833333333333332,-0.0625,0.125,0.15625
-0.375,-0.375,0.025,0.019230769230769225,0.0,-0.7057692307692307
0.078125,-0.075,0.10227272727272727,-0.041666666666666664,-0.08333333333333334,-0.019602272727272746
0.025,0.041666666666666664,0.10714285714285715,0.020833333333333332,0.013888888888888888,0.20853174603174604
-0.15625,0.04326923076923077,0.015000000000000003,0.011363636363636364,0.3,0.21338286713286714
-0.2,-0.33333333333333326,0.025,0.0125,0.03125,-0.4645833333333332
0.0625,0.020833333333333332,-0.25,-0.75,0.09999999999999998,-0.8166666666666668
0.03125,0.125,0.09999999999999998,0.19318181818181818,0.017857142857142856,0.467288961038961
0.15625,0.041666666666666664,0.19318181818181818,-0.0625,0.0,0.32859848484848486
0.09999999999999998,0.10714285714285715,-0.16071428571428573,-0.5416666666666666,0.03125,-0.46398809523809526
-0.07142857142857142,0.09999999999999998,-0.16666666666666666,-0.25,0.1,-0.28809523809523807
-0.2,-0.025,0.020833333333333332,0.08333333333333333,-0.075,-0.19583333333333333
-0.2,-0.6875,-0.08333333333333333,-0.375,-0.25,-1.5958333333333332
-0.2,-0.075,0.017857142857142856,0.125,-0.3055555555555556,-0.43769841269841275
-0.0625,-0.25,0.013888888888888888,-0.16071428571428573,0.06250000000000001,-0.39682539682539686
-0.08333333333333334,-0.6875,0.5,0.125,0.05,-0.09583333333333337
-0.33333333333333326,-0.0625,0.1346153846153846,0.025,-0.2,-0.4362179487179487
0.125,-0.11458333333333331,0.011363636363636364,0.010416666666666668,0.3,0.3321969696969697
0.027777777777777776,0.19318181818181818,0.0625,-0.04166666666666666,0.09999999999999998,0.34179292929292926
0.03125,-0.20833333333333337,0.19318181818181818,0.125,0.035714285714285726,0.17681277056277053
-0.08333333333333334,0.041666666666666664,0.125,-0.525,-0.4791666666666667,-0.9208333333333334
-0.125,-0.21428571428571425,-0.25,-0.3055555555555556,0.0375,-0.8573412698412698
0.1346153846153846,-0.33333333333333326,0.078125,0.041666666666666664,0.5,0.421073717948718
-0.16666666666666666,-0.0625,-0.025,0.0,-0.25,-0.5041666666666667
0.125,0.125,0.011363636363636364,0.041666666666666664,-0.2,0.10303030303030303
0.0625,-0.625,0.19318181818181818,-0.027777777777777776,0.0,-0.3970959595959596
0.125,-0.75,-0.03409090909090909,-0.16666666666666669,0.010416666666666668,-0.8153409090909091
-0.027777777777777776,0.015000000000000003,-0.10416666666666667,-0.0625,-0.33333333333333326,-0.5127777777777778
-0.375,0.020833333333333332,0.125,0.1,-0.125,-0.25416666666666665
-0.25,0.03125,0.041666666666666664,-0.027777777777777776,-0.125,-0.3298611111111111
-0.33333333333333326,0.04326923076923077,-0.025,0.08333333333333333,0.04591836734693877,-0.1858124018838304
-0.125,0.09999999999999998,0.575,-0.5416666666666666,0.041666666666666664,0.04999999999999997
-0.15625,0.625,0.015000000000000003,0.0625,0.025,0.57125
-0.6875,0.25,0.125,0.0625,-0.2,-0.45
0.0625,0.06250000000000001,-0.027777777777777776,0.041666666666666664,-0.75,-0.6111111111111112
-0.2,-0.1,-0.3055555555555556,-0.25,-0.013888888888888888,-0.8694444444444445
0.013888888888888888,-0.2,-0.33333333333333326,-0.10416666666666667,0.04591836734693877,-0.5776927437641722
-0.125,-0.2,0.041666666666666664,0.029222222222222205,0.1,-0.15411111111111112
0.008928571428571432,-0.75,-0.025,-0.125,-0.375,-1.2660714285714287
0.05,-0.375,-0.5416666666666666,-0.375,-0.06944444444444445,-1.3111111111111111
0.017857142857142856,-0.05357142857142857,-0.07142857142857142,0.041666666666666664,-0.75,-0.8154761904761905
0.078125,-0.3125,0.041666666666666664,0.02976190476190476,-0.1875,-0.3504464285714286
-0.013888888888888888,0.037500000000000006,-0.2,-0.125,-0.0625,-0.36388888888888893
0.017857142857142856,0.08333333333333333,-0.5416666666666666,-0.6875,0.017857142857142856,-1.1101190476190477
0.05,-0.125,0.03125,0.0,-0.25,-0.29375
0.0625,-0.25,0.0625,0.2916666666666667,-0.16666666666666669,0.0
-0.2,0.041666666666666664,-0.375,0.017857142857142856,0.09999999999999998,-0.41547619047619044
-0.2,0.03125,-0.625,-0.2,0.041666666666666664,-0.9520833333333333
-0.1875,-0.25,-0.0625,-0.25,0.0,-0.75
-0.25,0.011363636363636364,0.05,-0.6875,-0.75,-1.6261363636363637
0.25,-0.625,-0.140625,-0.125,-0.03409090909090909,-0.6747159090909091
-0.203125,0.125,0.052083333333333336,-0.027777777777777776,0.03125,-0.02256944444444444
-0.3214285714285714,0.0,0.09999999999999998,0.0625,-0.75,-0.9089285714285714
0.125,-0.6875,-0.075,0.020833333333333332,-0.21428571428571425,-0.8309523809523809
0.011363636363636364,-0.140625,-0.041666666666666664,0.1875,-0.625,-0.6084280303030303


w-deteriorate,w-test,w-science,w-business,w-get
w-case,w-undeclared,w-day,w-listeria,w-production
w-boo,w-production,w-dangerous,w-solo,w-water
w-sick,w-hold,w-deforestation,w-crap,w-possible
w-irony,w-will,w-outsider,w-fever,w-test
w-killer,w-latest,w-stray,w-undeclared,w-great
w-call,w-save,w-steal,w-still,w-cod
w-buy,w-concern,w-eat,w-ate,w-sweet
w-live,w-deteriorate,w-thomas,w-concern,w-listeria
w-battery,w-made,w-clown,w-room,w-sight
w-protect,w-torn,w-just,w-positive,w-medical
w-possible,w-fatal,w-never,w-head,w-highlight
w-news,w-stray,w-possible,w-listeria,w-hazard
w-torn,w-vanilla,w-turkey,w-listeria,w-risk
w-eat,w-seem,w-explode,w-another,w-okay
w-suspect,w-lot,w-made,w-meet,w-cream
w-day,w-treat,w-error,w-dangerous,w-force
w-taint,w-vanilla,w-care,w-forget,w-pregnant
w-food,w-came,w-test,w-future,w-issue
w-dangerous,w-cream,w-choice,w-even,w-get
w-kid,w-large,w-life,w-couple,w-turkey
w-test,w-concern,w-escape,w-listeria,w-news
w-involve,w-101,w-stray,w-cream,w-safety
w-never,w-roc,w-poor,w-health,w-check
w-afraid,w-voluntary,w-flavor,w-true,w-new
w-explode,w-happen,w-fresh,w-got,w-thing
w-too,w-another,w-stray,w-likely,w-quality
w-food,w-got,w-check,w-find,w-vanilla
w-hazard,w-bastard,w-stick,w-test,w-ate
w-outsider,w-risk,w-listeria,w-trust,w-legal
w-allergy,w-make,w-undeclared,w-watch,w-clown
w-tear,w-child,w-crap,w-instead,w-nestle
w-lot,w-fear,w-nooooooo,w-positive,w-worry
w-get,w-listeria,w-health,w-new,w-dangerous
w-made,w-small,w-check,w-poor,w-think
w-torn,w-nestle,w-ride,w-crap,w-blue
w-news,w-bankruptcy,w-alert,w-got,w-contain
w-another,w-buy,w-pack,w-stray,w-listeria
w-listeria,w-food,w-issue,w-face,w-find
w-thomas,w-daily,w-just,w-defect,w-listeria
w-new,w-cream,w-famous,w-force,w-listeria
w-recall,w-protect,w-flavor,w-plant,w-undeclared
w-shop,w-listeria,w-alternate,w-health,w-jumbo
w-right,w-miss,w-distribution,w-risk,w-nooooooo
w-potential,w-boo,w-dangerous,w-ate,w-information
w-latest,w-get,w-killer,w-just,w-ate
w-tell,w-listeria,w-issue,w-believe,w-got
w-new,w-torn,w-concern,w-plenty,w-vanilla
w-fear,w-say,w-cream,w-still,w-listeria
w-cream,w-solo,w-protect,w-stray,w-hold
w-cause,w-poor,w-variety,w-girl,w-bastard
w-eat,w-exposure,w-potential,w-fox,w-thing
w-error,w-box,w-fear,w-undeclared,w-steal
w-care,w-trash,w-right,w-count,w-blue-bell
w-brand,w-protect,w-positive,w-amp,w-miss
w-crap,w-tell,w-listeria,w-test,w-never
w-positive,w-explode,w-listeria,w-safety,w-cream
w-patch,w-afraid,w-poison,w-save,w-check
w-stray,w-get,w-life,w-variety,w-know
w-kid,w-miss,w-turkey,w-lot,w-likely
w-first,w-nooooooo,w-surface,w-check,w-salute
w-likely,w-lead,w-count,w-man,w-vanilla
w-plenty,w-stray,w-detail,w-idol,w-happen
w-listeria,w-frame,w-amp,w-cone,w-ticket
w-outbreak,w-accord,w-possible,w-fill,w-sale
w-serious,w-box,w-new,w-possible,w-undeclared
w-stray,w-trust,w-water,w-undeclared,w-get
w-concern,w-taint,w-forget,w-pull,w-blue-bell
w-vanilla,w-voluntarily,w-favorite,w-get,w-poor
w-fear,w-wan,w-steal,w-gave,w-voluntary
w-sure,w-solo,w-likely,w-make,w-just
w-information,w-share,w-listeria,w-issue,w-future
w-likely,w-fear,w-thomas,w-patch,w-voluntary
w-glad,w-eat,w-live,w-plant,w-concern
w-want,w-nestle,w-positive,w-torn,w-alert
w-dangerous,w-deteriorate,w-downfall,w-ride,w-listeria
w-buy,w-need,w-day,w-cream,w-listeria
w-yet,w-recall,w-trace,w-crap,w-bastard
w-subconscious,w-vanilla,w-grief,w-hazard,w-talk
w-listeria,w-still,w-nooooooo,w-contain,w-buy
w-crisis,w-clown,w-fear,w-date,w-concern
w-politics,w-call,w-came,w-another,w-bacteria
w-tear,w-meet,w-couple,w-issue,w-thrive
w-say,w-child,w-check,w-poison,w-listeria
w-latest,w-listeria,w-avoid,w-cream,w-wait
w-bastard,w-positive,w-pain,w-concern,w-get
w-news,w-afraid,w-involve,w-undeclared,w-might
w-off,w-get,w-like,w-health,w-story
w-talk,w-count,w-possible,w-crap,w-issue
w-undeclared,w-ride,w-pathogen,w-nooooooo,w-popular
w-inadvertently,w-check,w-fever,w-poor,w-listeria
w-business,w-fever,w-recall,w-choice,w-test
w-bastard,w-brand,w-listeria,w-cream,w-debate
w-several,w-fear,w-listeria,w-alternate,w-complimentary
w-risk,w-oil,w-pack,w-cream,w-several
w-sight,w-dangerous,w-never,w-break,w-shop
w-believe,w-debate,w-blue,w-came,w-fear
w-talk,w-good,w-dangerous,w-fatal,w-gain
w-man,w-certain,w-club,w-listeria,w-news
w-fear,w-recall,w-solo,w-miss,w-tell
w-listeria,w-blue-bell,w-pregnant,w-crap,w-certain
w-sure,w-think,w-production,w-outbreak,w-turkey
w-nestle,w-damn,w-thing,w-escape,w-amp
w-little,w-plant,w-clown,w-exposure,w-cream
w-concern,w-tell,w-thomas,w-cream,w-distribution
w-dangerous,w-deteriorate,w-downfall,w-ride,w-listeria
w-vanilla,w-dark,w-cream,w-important,w-plant
w-safety,w-glad,w-break,w-today,w-outsider
w-brush,w-taint,w-news,w-see,w-pack
w-made,w-potential,w-listeria,w-hysteria,w-live
w-just,w-way,w-undeclared,w-defect,w-ride
w-make,w-sale,w-way,w-think,w-like
w-count,w-voluntary,w-weird,w-cream,w-sick
w-voluntary,w-recall,w-know,w-possible,w-hysteria
w-recall,w-listeria,w-production,w-safety,w-fear
w-blue,w-vanilla,w-cream,w-outbreak,w-nooooooo
w-several,w-afraid,w-face,w-101,w-alert
w-oil,w-nooooooo,w-listeria,w-make,w-subconscious
w-friend,w-food,w-vega,w-variety,w-positive
w-news,w-listeria,w-know,w-hysteria,w-actually
w-plant,w-new,w-risk,w-suspect,w-solo
w-glad,w-hazard,w-latest,w-still,w-find
w-profit,w-need,w-potential,w-put,w-want
w-roc,w-eat,w-frame,w-small,w-still
w-fear,w-vanilla,w-favorite,w-variety,w-facility
w-fear,w-possible,w-nooooooo,w-blue,w-recall
w-fear,w-find,w-regulation,w-box,w-complimentary
w-listeria,w-check,w-subconscious,w-outbreak,w-nestle
w-fever,w-outsider,w-distribution,w-new,w-fear
w-small,w-protect,w-live,w-hysteria,w-torn
w-pregnant,w-outsider,w-sick,w-vanilla,w-scare
w-crisis,w-couple,w-defect,w-fox,w-blue
w-downfall,w-safety,w-future,w-get,w-pack
w-stray,w-really,w-listeria,w-bacteria,w-cream
w-might,w-fear,w-nut,w-test,w-fever
w-variety,w-save,w-eat,w-news,w-couple
w-treat,w-count,w-concern,w-crisis,w-cream
w-recall,w-new,w-point,w-know,w-afraid
w-torn,w-girl,w-explode,w-legal,w-alert
w-risk,w-lead,w-nut,w-particular,w-brush
w-oil,w-complimentary,w-shop,w-cream,w-crisis
w-nooooooo,w-check,w-wan,w-shop,w-dangerous
w-wan,w-listeria,w-politics,w-get,w-blue-bell
w-club,w-food,w-boo,w-check,w-medical
w-salute,w-fear,w-select,w-listeria,w-dangerous
w-see,w-line,w-use,w-note,w-inadvertently
w-dangerous,w-listeria,w-latest,w-need,w-explode
w-issue,w-live,w-grief,w-distribution,w-test
w-alert,w-lot,w-report,w-bacteria,w-bastard
w-alert,w-vega,w-kid,w-wan,w-let
w-treat,w-couple,w-risk,w-nooooooo,w-regulation
w-fever,w-regulation,w-news,w-suspect,w-blue
w-thing,w-listeria,w-fill,w-never,w-come
w-check,w-poison,w-outbreak,w-recall,w-inadvertently
w-concern,w-seem,w-issue,w-lot,w-fear
w-cream,w-test,w-news,w-food,w-protect
w-find,w-man,w-pregnant,w-recall,w-hysteria
w-force,w-always,w-test,w-break,w-deteriorate
w-idol,w-roc,w-nestle,w-poor,w-news
w-battery,w-cream,w-listeria,w-come,w-bankruptcy
w-voluntary,w-dangerous,w-wan,w-explode,w-death
w-wan,w-ham,w-listeria,w-made,w-inadvertently
w-positive,w-cream,w-idol,w-vanilla,w-news
w-alert,w-start,w-sweet,w-undeclared,w-man
w-oil,w-pain,w-sure,w-recall,w-stray
w-information,w-irony,w-possible,w-deteriorate,w-nice
w-failure,w-crap,w-pain,w-dangerous,w-possible
w-battery,w-come,w-count,w-room,w-future
w-facility,w-force,w-deteriorate,w-listeria,w-small
w-cream,w-find,w-protect,w-exposure,w-steal
w-just,w-cry,w-off,w-detail,w-wan
w-detail,w-salute,w-fear,w-scare,w-undeclared
w-test,w-try,w-listeria,w-killer,w-share
w-cream,w-small,w-outbreak,w-story,w-undeclared
w-eat,w-profit,w-potential,w-thing,w-count
w-forget,w-undeclared,w-fear,w-taint,w-variety
w-positive,w-steal,w-latest,w-inadvertently,w-weird
w-voluntary,w-positive,w-still,w-count,w-concern
w-production,w-day,w-couple,w-battery,w-believe
w-inadvertently,w-conduce,w-health,w-undeclared,w-suspect
w-concern,w-weird,w-science,w-sweet,w-flavor
w-listeria,w-error,w-law,w-nooooooo,w-vanilla
w-favorite,w-care,w-listeria,w-test,w-yes
w-transmission,w-steal,w-test,w-salute,w-never
w-fear,w-recall,w-never,w-club,w-came
w-break,w-girl,w-start,w-club,w-healthy
w-food,w-vanilla,w-failure,w-afraid,w-cream
w-nut,w-right,w-contain,w-issue,w-quality
w-listeria,w-turkey,w-crazy,w-communication,w-okay
w-test,w-never,w-only,w-actually,w-possible
w-find,w-food,w-dangerous,w-concern,w-news
w-information,w-share,w-listeria,w-issue,w-future
w-small,w-recall,w-even,w-concern,w-possible
w-forget,w-hazard,w-particular,w-need,w-listeria
w-call,w-safety,w-first,w-risk,w-test
w-nooooooo,w-face,w-listeria,w-concern,w-nestle
w-pack,w-newest,w-even,w-nooooooo,w-feel
w-sick,w-protect,w-care,w-listeria,w-way
w-positive,w-stray,w-blue-bell,w-recall,w-risk
w-date,w-exposure,w-sure,w-patch,w-vanilla
w-story,w-need,w-day,w-listeria,w-issue
w-teacher,w-sick,w-club,w-law,w-risk
w-time,w-eat,w-find,w-lead,w-business
w-blue,w-get,w-oddly,w-fox,w-will
w-wan,w-man,w-health,w-alert,w-taint
w-off,w-tell,w-information,w-grief,w-listeria
w-several,w-listeria,w-lot,w-always,w-check
w-happen,w-count,w-say,w-popular,w-issue
w-prod,w-death,w-recall,w-well,w-love
w-law,w-lot,w-pain,w-way,w-positive
w-possible,w-positive,w-recall,w-allergy,w-highlight
w-voluntary,w-future,w-poor,w-solo,w-bacteria
w-affect,w-possible,w-pain,w-nestle,w-certain
w-buy,w-protect,w-undeclared,w-listeria,w-nooooooo
w-production,w-fresh,w-pack,w-deteriorate,w-certain
w-even,w-plenty,w-potential,w-alert,w-idol
w-news,w-bankruptcy,w-alert,w-got,w-contain
w-tear,w-nestle,w-listeria,w-solo,w-select
w-highlight,w-wan,w-accord,w-bastard,w-alert
w-undeclared,w-test,w-solo,w-patch,w-grief
w-really,w-start,w-plant,w-fear,w-get
w-brand,w-glad,w-voluntarily,w-too,w-mar
w-poison,w-allergy,w-treat,w-off,w-several
w-glad,w-eat,w-live,w-plant,w-concern
w-bankruptcy,w-future,w-test,w-cream,w-yet
w-alert,w-defect,w-actually,w-tell,w-protect
w-club,w-yet,w-get,w-teacher,w-subconscious
w-never,w-get,w-stray,w-deteriorate,w-risk
w-food,w-came,w-test,w-future,w-issue
w-pain,w-debate,w-salute,w-listeria,w-idol
w-pull,w-cream,w-avoid,w-instead,w-undeclared
w-force,w-stick,w-made,w-undeclared,w-science
w-concern,w-off,w-glad,w-eat,w-contain
w-cause,w-undeclared,w-inadvertently,w-case,w-meet
w-cream,w-check,w-potential,w-fox,w-salute
w-find,w-head,w-off,w-thomas,w-count
w-undeclared,w-damn,w-treat,w-lot,w-alert
w-listeria,w-concern,w-outsider,w-101,w-crap
w-cream,w-pack,w-death,w-small,w-undeclared
w-oddly,w-concern,w-issue,w-variety,w-listeria
w-concern,w-bacterium,w-fresh,w-science,w-clown
w-allergy,w-error,w-alert,w-cream,w-concern
w-potential,w-prompt,w-fox,w-fear,w-issue
w-variety,w-boo,w-first,w-listeria,w-date
w-put,w-watch,w-choice,w-good,w-possible
w-cone,w-vanilla,w-safety,w-crisis,w-seem
w-wan,w-inadvertently,w-kid,w-feel,w-instead
w-right,w-exposure,w-know,w-alert,w-serious
w-detail,w-test,w-watch,w-will,w-put
w-risk,w-point,w-check,w-say,w-quality
w-nooooooo,w-fear,w-sale,w-case,w-nestle
w-popular,w-safety,w-grief,w-undeclared,w-recall
w-nestle,w-seem,w-recall,w-positive,w-call
w-glad,w-eat,w-live,w-plant,w-concern
w-recall,w-watch,w-error,w-hysteria,w-nestle
w-lot,w-recall,w-steal,w-grief,w-news
w-nooooooo,w-well,w-water,w-cream,w-exposure
w-listeria,w-stray,w-hurry,w-never,w-still
w-listeria,w-want,w-club,w-possible,w-off
w-crisis,w-grief,w-put,w-error,w-variety
w-need,w-stray,w-conduce,w-possible,w-politics
w-fear,w-plant,w-think,w-force,w-listeria
w-time,w-fresh,w-issue,w-get,w-quality
w-hold,w-positive,w-particular,w-several,w-recall
w-cone,w-downfall,w-positive,w-possible,w-certain
w-serious,w-business,w-contain,w-pain,w-poor
w-weird,w-failure,w-still,w-off,w-look
w-think,w-fear,w-right,w-test,w-wonder
w-steal,w-fever,w-cause,w-trace,w-potential
w-actually,w-possible,w-issue,w-test,w-listeria
w-voluntary,w-outsider,w-positive,w-pack,w-even
w-possible,w-undeclared,w-save,w-idol,w-get
w-pack,w-check,w-yet,w-too,w-fear
w-wan,w-safety,w-time,w-news,w-taint
w-potential,w-nestle,w-test,w-fill,w-scare
w-fear,w-point,w-well,w-cream,w-made
w-forget,w-recall,w-healthy,w-hysteria,w-test
w-risk,w-delicious,w-check,w-vega,w-kid
w-dangerous,w-treat,w-greatly,w-lead,w-listeria
w-fortune,w-variety,w-fill,w-ate,w-undeclared
w-listeria,w-avoid,w-off,w-subconscious,w-latest
w-put,w-listeria,w-fear,w-yet,w-made
w-poison,w-listeria,w-test,w-sure,w-news
w-took,w-undeclared,w-well,w-roc,w-protect
w-politics,w-deteriorate,w-hysteria,w-never,w-brush
w-life,w-fox,w-lot,w-communication,w-undeclared
w-right,w-crap,w-test,w-come,w-plenty
w-latest,w-clean,w-nooooooo,w-weird,w-explode
w-life,w-cream,w-bastard,w-stray,w-club
w-transmission,w-taint,w-nestle,w-concern,w-subconscious
w-voluntary,w-small,w-teacher,w-great,w-idol
w-listeria,w-vanilla,w-inadvertently,w-involve,w-recall
w-nooooooo,w-cone,w-torn,w-listeria,w-see
w-plenty,w-101,w-tear,w-subconscious,w-future
w-potential,w-issue,w-facility,w-stray,w-undeclared
w-read,w-outsider,w-death,w-another,w-save
w-little,w-sight,w-follow,w-pack,w-alternate
w-sick,w-irony,w-recall,w-lead,w-undeclared
w-buy,w-dangerous,w-exposure,w-safety,w-failure
w-man,w-death,w-food,w-worry,w-outsider
